study_cycle,class,n,mean,median,p10,p90
MY2002,large SUVs,8,62.25,59.0,49.1,77.7
MY2002,large luxury cars,9,41.111111111111114,45.0,22.8,61.6
MY2002,large pickups,15,103.46666666666667,105.0,75.8,128.6
MY2002,large station wagons/minivans,1,82.0,82.0,82.0,82.0
MY2002,midsize SUVs,29,86.65517241379311,86.0,31.400000000000002,144.59999999999997
MY2002,midsize luxury cars,3,42.333333333333336,46.0,36.4,46.8
MY2002,midsize pickups,1,93.0,93.0,93.0,93.0
MY2002,midsize sports cars,4,155.5,163.0,105.7,199.3
MY2002,midsize station wagons/minivans,1,54.0,54.0,54.0,54.0
MY2002,mini sports cars,1,80.0,80.0,80.0,80.0
MY2002,small SUVs,9,117.44444444444444,115.0,59.6,185.8
MY2002,small pickups,19,114.6842105263158,110.0,69.2,159.59999999999997
MY2002,small sports cars,1,58.0,58.0,58.0,58.0
MY2002,small station wagons/minivans,1,62.0,62.0,62.0,62.0
MY2002,very large SUVs,1,107.0,107.0,107.0,107.0
MY2002,very large luxury cars,2,43.5,43.5,28.7,58.3
MY2002,very large pickups,13,81.53846153846153,82.0,47.6,113.6
MY2002,very large station wagons/minivans,13,42.38461538461539,38.0,22.0,63.400000000000006
MY2004,large SUVs,14,49.357142857142854,50.0,21.0,82.80000000000003
MY2004,large luxury cars,11,42.09090909090909,30.0,26.0,81.0
MY2004,large pickups,12,79.83333333333333,76.5,47.2,116.80000000000001
MY2004,large sports cars,1,37.0,37.0,37.0,37.0
MY2004,large station wagons/minivans,6,70.66666666666667,68.5,49.5,94.0
MY2004,midsize SUVs,34,76.41176470588235,72.0,18.3,125.8
MY2004,midsize luxury cars,8,32.375,34.5,15.9,49.8
MY2004,midsize sports cars,5,123.4,97.0,87.0,175.8
MY2004,midsize station wagons/minivans,2,43.5,43.5,38.3,48.7
MY2004,mini sports cars,1,65.0,65.0,65.0,65.0
MY2004,small SUVs,13,69.53846153846153,65.0,47.4,89.80000000000001
MY2004,small pickups,10,100.4,97.0,61.9,147.3
MY2004,small sports cars,1,146.0,146.0,146.0,146.0
MY2004,small station wagons/minivans,4,76.0,79.5,49.4,99.8
MY2004,very large SUVs,1,115.0,115.0,115.0,115.0
MY2004,very large luxury cars,3,41.0,21.0,13.0,77.0
MY2004,very large pickups,8,73.125,64.0,52.1,108.7
MY2004,very large station wagons/minivans,6,29.666666666666668,26.0,12.0,51.0
MY2008,large SUVs,9,15.444444444444445,21.0,0.0,29.0
MY2008,large luxury cars,5,14.2,12.0,0.0,31.200000000000003
MY2008,large pickups,14,59.214285714285715,52.0,29.7,105.30000000000003
MY2008,large station wagons/minivans,2,53.0,53.0,42.6,63.4
MY2008,midsize SUVs,22,29.59090909090909,25.0,11.1,61.800000000000004
MY2008,midsize luxury cars,8,37.25,32.5,19.5,65.7
MY2008,midsize sports cars,2,106.0,106.0,76.4,135.6
MY2008,midsize station wagons/minivans,2,53.5,53.5,42.7,64.3
MY2008,mini sports cars,1,83.0,83.0,83.0,83.0
MY2008,mini station wagons/minivans,2,60.5,60.5,58.5,62.5
MY2008,small SUVs,11,35.18181818181818,39.0,20.0,46.0
MY2008,small pickups,19,54.526315789473685,57.0,23.6,79.4
MY2008,small sports cars,2,55.0,55.0,48.6,61.4
MY2008,small station wagons/minivans,5,65.8,61.0,45.0,90.4
MY2008,very large luxury cars,2,42.0,42.0,32.4,51.6
MY2008,very large pickups,2,53.0,53.0,48.2,57.8
MY2008,very large station wagons/minivans,8,32.625,28.0,11.200000000000001,59.5
MY2011,large SUVs,14,10.5,8.0,4.3,17.1
MY2011,large luxury SUVs,3,14.333333333333334,6.0,1.2000000000000002,30.8
MY2011,large luxury cars,2,33.5,33.5,23.5,43.5
MY2011,large pickups,17,26.823529411764707,24.0,12.6,39.8
MY2011,large sports cars,1,80.0,80.0,80.0,80.0
MY2011,midsize SUVs,28,16.571428571428573,13.5,4.1000000000000005,35.2
MY2011,midsize luxury SUVs,9,8.777777777777779,12.0,0.0,15.200000000000001
MY2011,midsize luxury cars,10,14.2,9.5,4.5,31.199999999999996
MY2011,midsize station wagons/minivans,2,6.0,6.0,6.0,6.0
MY2011,mini station wagons/minivans,1,58.0,58.0,58.0,58.0
MY2011,small SUVs,14,25.714285714285715,22.5,11.3,39.900000000000006
MY2011,small pickups,4,21.75,20.0,19.3,25.6
MY2011,small station wagons/minivans,6,42.333333333333336,35.5,28.0,63.5
MY2011,very large SUVs,5,26.0,17.0,11.4,47.6
MY2011,very large luxury cars,1,18.0,18.0,18.0,18.0
MY2011,very large station wagons/minivans,5,19.0,25.0,6.4,27.0
MY2014,large SUVs,14,20.357142857142858,21.0,9.9,29.700000000000003
MY2014,large luxury SUVs,3,5.666666666666667,8.0,1.6,8.8
MY2014,large luxury cars,7,6.285714285714286,4.0,0.0,17.0
MY2014,large pickups,16,30.5,26.5,19.5,47.0
MY2014,large sports cars,2,53.0,53.0,51.4,54.6
MY2014,midsize SUVs,31,20.096774193548388,18.0,7.0,39.0
MY2014,midsize luxury SUVs,12,12.583333333333334,9.0,0.20000000000000018,22.700000000000003
MY2014,midsize luxury cars,8,17.0,16.5,7.700000000000001,26.799999999999997
MY2014,midsize sports cars,3,55.666666666666664,58.0,50.8,59.6
MY2014,midsize station wagons/minivans,4,21.0,21.5,14.4,27.200000000000003
MY2014,mini station wagons/minivans,2,63.0,63.0,63.0,63.0
MY2014,small SUVs,18,25.11111111111111,27.0,13.0,37.6
MY2014,small pickups,7,21.0,17.0,7.800000000000001,34.800000000000004
MY2014,small station wagons/minivans,7,38.714285714285715,45.0,11.2,65.20000000000002
MY2014,very large SUVs,3,19.0,11.0,7.8,33.4
MY2014,very large pickups,7,31.0,33.0,21.400000000000002,38.6
MY2014,very large station wagons/minivans,6,22.833333333333332,16.0,8.5,44.0
MY2017,large SUVs,12,26.0,25.5,15.2,38.900000000000006
MY2017,large luxury SUVs,4,6.0,4.5,0.9000000000000001,12.3
MY2017,large luxury cars,1,16.0,16.0,16.0,16.0
MY2017,large pickups,25,30.28,30.0,14.200000000000001,46.400000000000006
MY2017,large sports cars,1,39.0,39.0,39.0,39.0
MY2017,midsize SUVs,31,24.580645161290324,20.0,13.0,39.0
MY2017,midsize luxury SUVs,10,9.0,7.0,0.0,16.399999999999995
MY2017,midsize luxury cars,9,31.333333333333332,31.0,4.800000000000001,56.0
MY2017,midsize sports cars,3,60.0,54.0,46.8,75.6
MY2017,midsize station wagons/minivans,1,3.0,3.0,3.0,3.0
MY2017,mini station wagons/minivans,3,64.66666666666667,65.0,51.4,77.8
MY2017,small SUVs,28,34.714285714285715,29.0,12.100000000000001,60.3
MY2017,small luxury SUVs,3,30.0,44.0,8.8,45.6
MY2017,small pickups,9,27.666666666666668,21.0,15.0,45.2
MY2017,small station wagons/minivans,8,49.75,48.5,18.7,80.6
MY2017,very large SUVs,4,12.25,12.0,2.4000000000000004,22.3
MY2017,very large luxury cars,1,21.0,21.0,21.0,21.0
MY2017,very large pickups,9,30.11111111111111,30.0,15.0,50.2
MY2017,very large station wagons/minivans,6,20.666666666666668,20.5,7.5,34.0
MY2020,large SUVs,6,22.5,23.0,12.5,32.0
MY2020,large cars,7,90.85714285714286,91.0,49.400000000000006,132.4
MY2020,large luxury SUVs,1,26.0,26.0,26.0,26.0
MY2020,large luxury cars,4,18.5,22.0,5.1000000000000005,29.1
MY2020,large pickups,14,28.5,29.5,16.7,34.7
MY2020,large sports cars,2,111.5,111.5,110.3,112.7
MY2020,midsize SUVs,27,24.88888888888889,23.0,6.0,51.000000000000014
MY2020,midsize cars,10,58.1,47.5,24.4,93.19999999999999
MY2020,midsize luxury SUVs,16,10.875,6.0,3.0,24.5
MY2020,midsize luxury cars,9,24.77777777777778,17.0,5.6000000000000005,54.400000000000006
MY2020,midsize sports cars,3,77.66666666666667,77.0,62.6,93.0
MY2020,midsize station wagons/minivans,1,5.0,5.0,5.0,5.0
MY2020,mini cars,5,162.6,152.0,133.6,196.2
MY2020,mini station wagons/minivans,2,48.0,48.0,44.0,52.0
MY2020,small SUVs,29,42.62068965517241,41.0,18.6,63.8
MY2020,small cars,11,60.54545454545455,49.0,23.0,107.0
MY2020,small luxury SUVs,3,43.0,45.0,25.0,60.2
MY2020,small pickups,12,28.0,25.5,6.800000000000001,54.400000000000006
MY2020,small station wagons/minivans,3,36.666666666666664,24.0,23.2,55.2
MY2020,very large SUVs,3,28.666666666666668,21.0,13.0,47.4
MY2020,very large luxury SUVs,1,27.0,27.0,27.0,27.0
MY2020,very large pickups,7,37.142857142857146,33.0,26.2,51.20000000000001
MY2020,very large station wagons/minivans,5,26.4,20.0,5.4,51.0
