nameplate,drivetrain,class,study_cycle,rate_overall,ci_lo,ci_hi,rating_composite,class_z
Chevrolet Spark,NAN,mini cars,MY2020,151.0,90.0,212.0,4.0,-0.3619173015546592
Hyundai Accent,NAN,mini cars,MY2020,152.0,61.0,242.0,3.8333333333333335,-0.33071753417925753
Mitsubishi Mirage G4,NAN,mini cars,MY2020,205.0,107.0,303.0,4.0,1.322870136717031
Kia Rio sedan,NAN,mini cars,MY2020,122.0,48.0,197.0,3.8333333333333335,-1.2667105554413076
Mitsubishi Mirage hatchback,NAN,mini cars,MY2020,183.0,93.0,273.0,3.6,0.6364752544581942
Honda Civic hatchback,NAN,small cars,MY2020,78.0,26.0,130.0,4.0,0.50214143242028
Subaru Impreza sedan,NAN,small cars,MY2020,46.0,18.0,74.0,3.5714285714285716,-0.4184511936835667
Subaru WRX,NAN,small cars,MY2020,38.0,19.0,58.0,4.0,-0.6485993502095284
Toyota Prius,NAN,small cars,MY2020,45.0,23.0,67.0,3.8333333333333335,-0.4472197132493119
Chevrolet Sonic,NAN,small cars,MY2020,107.0,50.0,164.0,4.0,1.3364284998268912
Hyundai Elantra,NAN,small cars,MY2020,103.0,48.0,157.0,4.0,1.2213544215639103
Chevrolet Bolt,NAN,small cars,MY2020,8.0,0.0,19.0,3.8333333333333335,-1.5116549371818846
Toyota Corolla,NAN,small cars,MY2020,58.0,31.0,86.0,3.857142857142857,-0.0732289588946242
Toyota Prius Prime,NAN,small cars,MY2020,23.0,0.0,45.0,3.8333333333333335,-1.0801271436957065
Kia Forte,NAN,small cars,MY2020,111.0,62.0,160.0,3.5714285714285716,1.4515025780898718
Honda Civic,NAN,small cars,MY2020,49.0,29.0,69.0,4.0,-0.3321456349863311
Honda Accord hybrid,NAN,midsize cars,MY2020,45.0,1.0,90.0,3.7142857142857144,-0.44433309426207324
Toyota Camry,NAN,midsize cars,MY2020,48.0,38.0,59.0,3.5714285714285716,-0.3425774238203771
Ford Fusion hybrid,NAN,midsize cars,MY2020,25.0,0.0,56.0,4.0,-1.1227042305400476
Kia Optima,NAN,midsize cars,MY2020,80.0,45.0,115.0,4.0,0.7428163942243818
Chevrolet Malibu,NAN,midsize cars,MY2020,91.0,73.0,108.0,3.2857142857142856,1.1159205191772676
Toyota Camry hybrid,NAN,midsize cars,MY2020,19.0,0.0,38.0,3.5714285714285716,-1.3262155714234398
Ford Fusion,NAN,midsize cars,MY2020,67.0,30.0,104.0,4.0,0.30187515564369855
Nissan Altima,NAN,midsize cars,MY2020,113.0,75.0,151.0,4.0,1.8621287690830395
Volkswagen Jetta,NAN,midsize cars,MY2020,47.0,24.0,69.0,3.857142857142857,-0.3764959806342758
Honda Accord,NAN,midsize cars,MY2020,46.0,34.0,57.0,3.7142857142857144,-0.4104145374481745
Dodge Charger HEMI,2WD,large cars,MY2020,118.0,72.0,164.0,3.6,0.6901399089822531
Chrysler 300,4WD,large cars,MY2020,100.0,37.0,164.0,3.6,0.23246817986770624
Chevrolet Impala,NAN,large cars,MY2020,80.0,55.0,105.0,3.8,-0.2760559635929014
Dodge Charger,4WD,large cars,MY2020,32.0,0.0,67.0,3.6,-1.4965139078983596
Dodge Challenger,2WD,large cars,MY2020,154.0,116.0,192.0,3.2,1.6054833672113469
Dodge Charger,2WD,large cars,MY2020,91.0,56.0,126.0,,0.0036323153104328085
Chrysler 300,2WD,large cars,MY2020,61.0,30.0,92.0,,-0.7591538998804787
Audi A4,2WD,midsize luxury cars,MY2020,7.0,0.0,21.0,4.0,-0.8307513885470407
Acura TLX,2WD,midsize luxury cars,MY2020,31.0,0.0,64.0,3.8,0.29076298599146416
Lexus ES 350,NAN,midsize luxury cars,MY2020,0.0,0.0,29.0,4.0,-1.157859747787438
Audi A4,4WD,midsize luxury cars,MY2020,17.0,0.0,36.0,,-0.36345373248933033
Tesla Model 3,4WD,midsize luxury cars,MY2020,52.0,9.0,96.0,4.0,1.272088063712656
Mercedes-Benz C-Class sedan,2WD,midsize luxury cars,MY2020,28.0,5.0,51.0,4.0,0.1505736891741511
Mercedes-Benz C-Class sedan,4WD,midsize luxury cars,MY2020,9.0,0.0,21.0,,-0.7372918573354986
Mercedes-Benz CLA-Class,2WD,midsize luxury cars,MY2020,64.0,11.0,117.0,,1.8328452509819084
Tesla Model 3,2WD,midsize luxury cars,MY2020,15.0,0.0,33.0,,-0.4569132637008724
Genesis G80,NAN,large luxury cars,MY2020,30.0,0.0,69.0,4.0,0.8501044615977588
Mercedes-Benz E-Class sedan,4WD,large luxury cars,MY2020,0.0,0.0,22.0,4.0,-1.3675593512659598
Mercedes-Benz E-Class sedan,2WD,large luxury cars,MY2020,27.0,5.0,48.0,,0.6283380803113869
Tesla Model S,4WD,large luxury cars,MY2020,17.0,0.0,33.0,4.0,-0.11088319064318593
Ford Mustang GT coupe,NAN,midsize sports cars,MY2020,77.0,45.0,109.0,3.8,-0.03507153119159497
Ford Mustang coupe,NAN,midsize sports cars,MY2020,59.0,31.0,86.0,3.8,-0.9820028733646524
Ford Mustang convertible,NAN,midsize sports cars,MY2020,97.0,41.0,153.0,,1.0170744045562468
Chevrolet Camaro coupe,NAN,large sports cars,MY2020,110.0,76.0,145.0,3.8,-0.7071067811865476
Chevrolet Camaro convertible,NAN,large sports cars,MY2020,113.0,34.0,191.0,3.8,0.7071067811865476
Honda Fit,NAN,mini station wagons/minivans,MY2020,53.0,25.0,81.0,4.0,0.7071067811865475
Kia Niro hybrid,NAN,mini station wagons/minivans,MY2020,43.0,15.0,71.0,4.0,-0.7071067811865475
Kia Soul,NAN,small station wagons/minivans,MY2020,63.0,6.0,120.0,3.9166666666666665,1.1544231106240652
Subaru XV Crosstrek,NAN,small station wagons/minivans,MY2020,24.0,11.0,37.0,,-0.5552921291609426
Subaru Impreza wagon,NAN,small station wagons/minivans,MY2020,23.0,8.0,39.0,3.5714285714285716,-0.5991309814631224
Subaru Outback,NAN,midsize station wagons/minivans,MY2020,5.0,0.0,15.0,4.0,
Chrysler Pacifica,2WD,very large station wagons/minivans,MY2020,20.0,10.0,29.0,4.0,-0.28003993041500846
Kia Sedona,NAN,very large station wagons/minivans,MY2020,53.0,20.0,87.0,3.909090909090909,1.1639159607873792
Toyota Sienna,2WD,very large station wagons/minivans,MY2020,5.0,0.0,13.0,3.5,-0.9363835173251847
Honda Odyssey,NAN,very large station wagons/minivans,MY2020,6.0,0.0,13.0,4.0,-0.8926272781978396
Dodge Grand Caravan,NAN,very large station wagons/minivans,MY2020,48.0,34.0,62.0,3.4,0.9451347651506538
Chevrolet Colorado Crew Cab,4WD,small pickups,MY2020,21.0,10.0,32.0,3.7142857142857144,-0.3998071895918676
Toyota Tacoma Double Cab long bed,4WD,small pickups,MY2020,6.0,0.0,18.0,3.5714285714285716,-1.256536881574441
Toyota Tacoma Double Cab short bed,4WD,small pickups,MY2020,24.0,13.0,35.0,3.5714285714285716,-0.22846125119535293
Chevrolet Colorado Crew Cab,2WD,small pickups,MY2020,36.0,10.0,62.0,,0.45692250239070586
GMC Canyon Crew Cab,4WD,small pickups,MY2020,5.0,0.0,14.0,3.7142857142857144,-1.3136521943732793
Jeep Gladiator,4WD,small pickups,MY2020,15.0,0.0,37.0,4.0,-0.742499066384897
Chevrolet Colorado Extended Cab,2WD,small pickups,MY2020,34.0,8.0,59.0,3.6,0.34269187679302937
Nissan Frontier King Cab,2WD,small pickups,MY2020,40.0,12.0,68.0,3.1666666666666665,0.6853837535860587
Ford Ranger Crew Cab,4WD,small pickups,MY2020,14.0,0.0,31.0,3.7142857142857144,-0.7996143791837352
Toyota Tacoma Double Cab short bed,2WD,small pickups,MY2020,27.0,8.0,46.0,,-0.05711531279883823
Nissan Frontier Crew Cab short bed,4WD,small pickups,MY2020,56.0,28.0,85.0,3.1666666666666665,1.5992287583674705
Nissan Frontier Crew Cab short bed,2WD,small pickups,MY2020,58.0,27.0,88.0,,1.7134593839651469
Ford F-150 SuperCab,4WD,large pickups,MY2020,29.0,3.0,55.0,4.0,0.05303428346689764
Ford F-150 SuperCrew,2WD,large pickups,MY2020,30.0,5.0,55.0,4.0,0.1591028504006929
Toyota Tundra Double Cab short bed,4WD,large pickups,MY2020,12.0,0.0,28.0,3.8,-1.7501313544076222
Ram 1500 Classic Crew Cab short bed,4WD,large pickups,MY2020,51.0,1.0,100.0,4.0,2.386542756010394
Chevrolet Silverado 1500 Extended Cab,4WD,large pickups,MY2020,14.0,0.0,31.0,3.8,-1.5379942205400317
Ram 1500 Crew Cab short bed,4WD,large pickups,MY2020,35.0,20.0,51.0,4.0,0.6894456850696693
Chevrolet Silverado 1500 Crew Cab,2WD,large pickups,MY2020,33.0,8.0,58.0,3.5833333333333335,0.47730855120207877
GMC Sierra 1500 Crew Cab,4WD,large pickups,MY2020,24.0,9.0,38.0,3.5833333333333335,-0.47730855120207877
Ford F-150 SuperCrew,4WD,large pickups,MY2020,30.0,20.0,41.0,,0.1591028504006929
Ram 1500 Quad Cab,4WD,large pickups,MY2020,31.0,0.0,62.0,4.0,0.26517141733448824
Ram 1500 Classic Quad Cab,4WD,large pickups,MY2020,23.0,0.0,49.0,4.0,-0.583377118135874
Ram 1500 Crew Cab short bed,2WD,large pickups,MY2020,28.0,0.0,63.0,,-0.05303428346689764
Toyota Tundra Crew Max,4WD,large pickups,MY2020,34.0,15.0,52.0,3.8,0.583377118135874
Chevrolet Silverado 1500 Crew Cab,4WD,large pickups,MY2020,25.0,14.0,37.0,,-0.3712399842682835
Ram 2500 Mega Cab,4WD,very large pickups,MY2020,65.0,22.0,108.0,4.0,2.0219833335021593
Ford F-250 SuperCab,4WD,very large pickups,MY2020,22.0,2.0,41.0,,-1.0991294018011741
Ford F-350 Crew Cab,4WD,very large pickups,MY2020,29.0,16.0,42.0,,-0.5910412821006316
Ram 3500 Crew Cab long bed,4WD,very large pickups,MY2020,37.0,16.0,57.0,3.6363636363636362,-0.010369145300011297
Ram 2500 Crew Cab long bed,4WD,very large pickups,MY2020,42.0,7.0,76.0,3.2,0.35255094020037636
Ford F-250 Crew Cab,4WD,very large pickups,MY2020,32.0,22.0,42.0,,-0.37328923080039894
Ram 2500 Crew Cab short bed,4WD,very large pickups,MY2020,33.0,21.0,46.0,,-0.3007052137003214
Jeep Renegade,2WD,small SUVs,MY2020,50.0,21.0,78.0,3.6363636363636362,0.36744593087549393
Honda CR-V,4WD,small SUVs,MY2020,14.0,0.0,36.0,3.857142857142857,-1.4251407599376633
Jeep Compass,4WD,small SUVs,MY2020,41.0,24.0,58.0,3.7142857142857144,-0.08070074182779534
Nissan Rogue,4WD,small SUVs,MY2020,53.0,23.0,82.0,3.909090909090909,0.5168281551099237
Chevrolet Equinox,4WD,small SUVs,MY2020,30.0,0.0,62.0,3.8333333333333335,-0.6284355640207044
Nissan Rogue,2WD,small SUVs,MY2020,52.0,23.0,82.0,,0.4670340803651138
Chevrolet Trax,2WD,small SUVs,MY2020,89.0,57.0,121.0,3.7142857142857144,2.3094148459230808
Ford EcoSport,2WD,small SUVs,MY2020,84.0,35.0,132.0,,2.0604444721990314
Honda HR-V,2WD,small SUVs,MY2020,63.0,29.0,96.0,3.4615384615384617,1.0147689025580229
Jeep Compass,2WD,small SUVs,MY2020,27.0,6.0,48.0,,-0.7778177882551343
Toyota RAV4,4WD,small SUVs,MY2020,56.0,30.0,83.0,3.6923076923076925,0.6662103793443535
Mitsubishi Outlander Sport,2WD,small SUVs,MY2020,39.0,13.0,64.0,3.6363636363636362,-0.18028889131741518
Chevrolet Trax,4WD,small SUVs,MY2020,59.0,26.0,91.0,,0.8155926035787833
Subaru Forester,NAN,small SUVs,MY2020,30.0,13.0,48.0,3.769230769230769,-0.6284355640207044
Honda HR-V,4WD,small SUVs,MY2020,31.0,14.0,48.0,,-0.5786414892758945
Toyota RAV4 hybrid,4WD,small SUVs,MY2020,20.0,0.0,40.0,3.0,-1.1263763114688037
Ford EcoSport,4WD,small SUVs,MY2020,67.0,29.0,104.0,,1.2139452015372627
Hyundai Santa Fe,2WD,small SUVs,MY2020,17.0,0.0,39.0,3.9166666666666665,-1.2757585357032335
Chevrolet Equinox,2WD,small SUVs,MY2020,49.0,17.0,80.0,,0.31765185613068403
Ford Escape,4WD,small SUVs,MY2020,43.0,1.0,85.0,3.5384615384615383,0.018887407661824503
Toyota C-HR,NAN,small SUVs,MY2020,2.0,0.0,7.0,4.0,-2.022669656875382
Hyundai Santa Fe,4WD,small SUVs,MY2020,19.0,0.0,37.0,,-1.1761703862136137
Hyundai Tucson,4WD,small SUVs,MY2020,40.0,7.0,73.0,3.7142857142857144,-0.13049481657260525
Hyundai Tucson,2WD,small SUVs,MY2020,60.0,16.0,105.0,,0.8653866783235932
Mitsubishi Outlander Sport,4WD,small SUVs,MY2020,28.0,3.0,53.0,,-0.7280237135103244
Mitsubishi Outlander,2WD,small SUVs,MY2020,36.0,11.0,61.0,4.0,-0.329671115551845
Jeep Renegade,4WD,small SUVs,MY2020,49.0,25.0,72.0,,0.31765185613068403
Toyota RAV4,2WD,small SUVs,MY2020,35.0,13.0,56.0,,-0.3794651902966549
Mitsubishi Outlander,4WD,small SUVs,MY2020,53.0,12.0,95.0,,0.5168281551099237
Jeep Grand Cherokee,2WD,midsize SUVs,MY2020,40.0,18.0,62.0,3.1666666666666665,0.8757777149096869
Honda Pilot,4WD,midsize SUVs,MY2020,13.0,0.0,30.0,3.5714285714285716,-0.689030996289239
Chevrolet Traverse,4WD,midsize SUVs,MY2020,6.0,0.0,13.0,3.909090909090909,-1.0947221436371088
GMC Acadia,2WD,midsize SUVs,MY2020,10.0,2.0,19.0,3.5714285714285716,-0.8628986308668976
Nissan Murano,2WD,midsize SUVs,MY2020,4.0,0.0,12.0,3.8333333333333335,-1.2106339000222144
Subaru Ascent,NAN,midsize SUVs,MY2020,6.0,0.0,16.0,4.0,-1.0947221436371088
Buick Enclave,2WD,midsize SUVs,MY2020,38.0,1.0,75.0,3.909090909090909,0.7598659585245814
Nissan Murano,4WD,midsize SUVs,MY2020,22.0,0.0,43.0,,-0.1674280925562637
Jeep Grand Cherokee,4WD,midsize SUVs,MY2020,12.0,6.0,17.0,,-0.7469868744817919
Honda Pilot,2WD,midsize SUVs,MY2020,7.0,0.0,20.0,,-1.036766265444556
Kia Sorento,2WD,midsize SUVs,MY2020,35.0,17.0,53.0,4.0,0.5859983239469229
Nissan Pathfinder,2WD,midsize SUVs,MY2020,0.0,0.0,22.0,3.8333333333333335,-1.4424574127924257
GMC Acadia,4WD,midsize SUVs,MY2020,11.0,3.0,20.0,,-0.8049427526743447
Dodge Journey,2WD,midsize SUVs,MY2020,62.0,40.0,83.0,3.4,2.1508070351458493
Ford Explorer,4WD,midsize SUVs,MY2020,22.0,0.0,47.0,3.5833333333333335,-0.1674280925562637
Chevrolet Traverse,2WD,midsize SUVs,MY2020,30.0,9.0,50.0,,0.2962189329841588
Buick Enclave,4WD,midsize SUVs,MY2020,23.0,0.0,47.0,,-0.10947221436371089
Jeep Cherokee,2WD,midsize SUVs,MY2020,55.0,34.0,77.0,3.8181818181818183,1.745115887797979
Volkswagen Atlas,4WD,midsize SUVs,MY2020,20.0,0.0,52.0,4.0,-0.2833398489413693
Nissan Pathfinder,4WD,midsize SUVs,MY2020,25.0,0.0,53.0,,0.006439542021394734
Ford Edge,2WD,midsize SUVs,MY2020,49.0,2.0,96.0,3.909090909090909,1.3973806186426623
Chevrolet Blazer,2WD,midsize SUVs,MY2020,23.0,0.0,49.0,4.0,-0.10947221436371089
Kia Sorento,4WD,midsize SUVs,MY2020,26.0,9.0,43.0,,0.06439542021394755
Jeep Cherokee,4WD,midsize SUVs,MY2020,34.0,22.0,46.0,,0.5280424457543701
Jeep Wrangler 4-door,4WD,midsize SUVs,MY2020,39.0,25.0,54.0,3.3333333333333335,0.8178218367171342
Ford Edge,4WD,midsize SUVs,MY2020,6.0,0.0,15.0,,-1.0947221436371088
Jeep Wrangler 2-door,4WD,midsize SUVs,MY2020,54.0,6.0,102.0,2.3333333333333335,1.6871600096054264
GMC Yukon,2WD,large SUVs,MY2020,24.0,0.0,55.0,,0.1449427589131121
GMC Yukon,4WD,large SUVs,MY2020,22.0,4.0,40.0,,-0.04831425297103737
Dodge Durango,2WD,large SUVs,MY2020,40.0,5.0,76.0,3.6,1.690998853986308
Chevrolet Tahoe,4WD,large SUVs,MY2020,16.0,3.0,28.0,2.5,-0.6280852886234858
Dodge Durango,4WD,large SUVs,MY2020,24.0,8.0,39.0,,0.1449427589131121
Chevrolet Tahoe,2WD,large SUVs,MY2020,9.0,0.0,17.0,,-1.304484830218009
Chevrolet Suburban 1500,2WD,very large SUVs,MY2020,54.0,9.0,99.0,,1.1258332685644616
Chevrolet Suburban 1500,4WD,very large SUVs,MY2020,21.0,5.0,37.0,,-0.3407126996971398
GMC Yukon XL 1500,4WD,very large SUVs,MY2020,11.0,0.0,28.0,,-0.7851205688673221
Buick Encore,4WD,small luxury SUVs,MY2020,45.0,12.0,77.0,3.7142857142857144,0.09062865088588876
Mercedes-Benz GLA Class,4WD,small luxury SUVs,MY2020,20.0,0.0,42.0,,-1.0422294851877207
Buick Encore,2WD,small luxury SUVs,MY2020,64.0,38.0,90.0,,0.951600834301832
Volvo XC60,4WD,midsize luxury SUVs,MY2020,5.0,0.0,16.0,3.9166666666666665,-0.4384043520199926
BMW X3,4WD,midsize luxury SUVs,MY2020,0.0,0.0,29.0,4.0,-0.8115144388455182
Lexus RX 350,2WD,midsize luxury SUVs,MY2020,10.0,1.0,19.0,,-0.06529426519446699
Lexus RX 350,4WD,midsize luxury SUVs,MY2020,5.0,0.0,10.0,,-0.4384043520199926
Acura MDX,2WD,midsize luxury SUVs,MY2020,11.0,0.0,27.0,4.0,0.00932775217063814
Lexus NX 300,4WD,midsize luxury SUVs,MY2020,13.0,0.0,32.0,,0.1585717869008484
Volvo XC90,4WD,midsize luxury SUVs,MY2020,4.0,0.0,13.0,4.0,-0.5130263693850977
Acura RDX,4WD,midsize luxury SUVs,MY2020,6.0,0.0,18.0,4.0,-0.36378233465488746
Lexus RX 450h,4WD,midsize luxury SUVs,MY2020,7.0,0.0,22.0,,-0.28916031728978236
Audi Q5,4WD,midsize luxury SUVs,MY2020,2.0,0.0,6.0,4.0,-0.662270404115308
Buick Envision,4WD,midsize luxury SUVs,MY2020,36.0,10.0,61.0,4.0,1.8748781862982662
BMW X5,4WD,midsize luxury SUVs,MY2020,6.0,0.0,19.0,4.0,-0.36378233465488746
Buick Envision,2WD,midsize luxury SUVs,MY2020,51.0,13.0,88.0,,2.994208446774843
Porsche Macan,NAN,midsize luxury SUVs,MY2020,6.0,0.0,14.0,,-0.36378233465488746
Acura MDX,4WD,midsize luxury SUVs,MY2020,6.0,0.0,16.0,,-0.36378233465488746
Lexus NX 300,2WD,midsize luxury SUVs,MY2020,6.0,0.0,17.0,,-0.36378233465488746
Cadillac Escalade,4WD,large luxury SUVs,MY2020,26.0,3.0,48.0,,
Cadillac Escalade ESV,4WD,very large luxury SUVs,MY2020,27.0,0.0,67.0,,
Lincoln MKZ,2WD,midsize luxury cars,MY2017,55.0,5.0,106.0,4.0,1.1659729791610802
Acura TLX,2WD,midsize luxury cars,MY2017,21.0,0.0,42.0,,-0.5090867937182181
Mercedes-Benz C-Class sedan,2WD,midsize luxury cars,MY2017,28.0,0.0,56.0,,-0.16422154636071548
Lexus CT 200h,NAN,midsize luxury cars,MY2017,6.0,0.0,19.0,4.0,-1.2480837523414379
Infiniti Q50,4WD,midsize luxury cars,MY2017,39.0,8.0,70.0,4.0,0.3777095566296458
BMW 320i,2WD,midsize luxury cars,MY2017,42.0,4.0,80.0,,0.5255089483542897
Infiniti Q50,2WD,midsize luxury cars,MY2017,60.0,31.0,90.0,,1.4123052987021536
Mercedes-Benz C-Class sedan,4WD,midsize luxury cars,MY2017,0.0,0.0,15.0,,-1.543682535790726
Cadillac ATS,2WD,midsize luxury cars,MY2017,31.0,6.0,56.0,,-0.016422154636071495
Audi A6,4WD,large luxury cars,MY2017,16.0,0.0,33.0,4.0,
Cadillac XTS,2WD,very large luxury cars,MY2017,21.0,0.0,41.0,4.0,
Chevrolet Corvette coupe,NAN,midsize sports cars,MY2017,54.0,20.0,87.0,,-0.3202563076101743
Ford Mustang coupe,NAN,midsize sports cars,MY2017,45.0,20.0,70.0,,-0.8006407690254357
Ford Mustang GT coupe,NAN,midsize sports cars,MY2017,81.0,43.0,119.0,,1.1208970766356101
Chevrolet Camaro coupe,NAN,large sports cars,MY2017,39.0,10.0,69.0,,
Hyundai Accent,NAN,mini cars,MY2017,81.0,41.0,121.0,,
Ford Fiesta,NAN,mini station wagons/minivans,MY2017,65.0,33.0,97.0,3.6,0.7071067811865476
Honda Fit,NAN,mini station wagons/minivans,MY2017,48.0,23.0,73.0,,-0.7071067811865476
Chevrolet Sonic,NAN,small cars,MY2017,74.0,36.0,111.0,,
Fiat 500L,NAN,small station wagons/minivans,MY2017,24.0,0.0,62.0,,-0.7463602251827778
Kia Soul,NAN,small station wagons/minivans,MY2017,70.0,52.0,87.0,,0.7942038293611611
Nissan Versa Note,NAN,small station wagons/minivans,MY2017,96.0,65.0,127.0,,1.6649574254077353
Ford C-Max hybrid,NAN,small station wagons/minivans,MY2017,37.0,0.0,78.0,3.8,-0.31098342715949073
Ford Focus,NAN,small station wagons/minivans,MY2017,60.0,42.0,78.0,3.8,0.4592986001124787
Toyota Prius v,NAN,small station wagons/minivans,MY2017,19.0,3.0,34.0,4.0,-0.913812839807119
Subaru XV Crosstrek,NAN,small station wagons/minivans,MY2017,18.0,7.0,28.0,,-0.9473033627319872
Subaru Outback,NAN,midsize station wagons/minivans,MY2017,3.0,0.0,6.0,,
Chrysler Pacifica,NAN,very large station wagons/minivans,MY2017,27.0,0.0,58.0,,0.5002772387238259
Honda Odyssey,NAN,very large station wagons/minivans,MY2017,8.0,2.0,14.0,,-1.000554477447652
Toyota Sienna,2WD,very large station wagons/minivans,MY2017,20.0,10.0,31.0,,-0.05266076197092914
Dodge Grand Caravan,NAN,very large station wagons/minivans,MY2017,41.0,28.0,54.0,,1.6061532401133358
Kia Sedona,NAN,very large station wagons/minivans,MY2017,21.0,4.0,38.0,,0.02633038098546443
Toyota Sienna,4WD,very large station wagons/minivans,MY2017,7.0,0.0,18.0,,-1.0795456204040454
Nissan Frontier King Cab,2WD,small pickups,MY2017,42.0,10.0,75.0,,0.9855803019806247
Toyota Tacoma Double Cab short bed,2WD,small pickups,MY2017,29.0,0.0,61.0,,0.09168188855633712
Chevrolet Colorado Crew Cab,2WD,small pickups,MY2017,16.0,0.0,35.0,,-0.8022165248679506
Chevrolet Colorado Crew Cab,4WD,small pickups,MY2017,32.0,5.0,59.0,,0.29796613780809583
Toyota Tacoma Double Cab short bed,4WD,small pickups,MY2017,21.0,5.0,36.0,,-0.45840944278168605
Nissan Frontier Crew Cab short bed,2WD,small pickups,MY2017,58.0,30.0,87.0,,2.0857629646566713
Chevrolet Colorado Extended Cab,2WD,small pickups,MY2017,15.0,0.0,36.0,,-0.8709779412852034
GMC Canyon Crew Cab,4WD,small pickups,MY2017,15.0,0.0,36.0,,-0.8709779412852034
Nissan Frontier Crew Cab short bed,4WD,small pickups,MY2017,21.0,4.0,39.0,,-0.45840944278168605
Ford F-150,2WD,large pickups,MY2017,42.0,8.0,77.0,4.0,0.9339905629340925
Chevrolet Silverado 1500 Extended Cab,2WD,large pickups,MY2017,37.0,18.0,56.0,,0.5355304251635752
Chevrolet Silverado 1500 Crew Cab,4WD,large pickups,MY2017,26.0,19.0,33.0,,-0.3410818779315629
Ford F-150 SuperCab,4WD,large pickups,MY2017,11.0,2.0,21.0,,-1.536462291243115
Toyota Tundra Double Cab short bed,2WD,large pickups,MY2017,17.0,0.0,35.0,,-1.0583101259184942
Ram 1500 short bed,2WD,large pickups,MY2017,44.0,8.0,79.0,,1.0933746180422994
Toyota Tundra Crew Max,4WD,large pickups,MY2017,7.0,1.0,14.0,,-1.8552304014595287
Chevrolet Silverado 1500 Extended Cab,4WD,large pickups,MY2017,24.0,16.0,32.0,,-0.5004659330397698
GMC Sierra 1500 Extended Cab,2WD,large pickups,MY2017,27.0,0.0,54.0,3.8,-0.26138985037745943
GMC Sierra 1500 Extended Cab,4WD,large pickups,MY2017,20.0,7.0,33.0,,-0.8192340432561837
Toyota Tundra Crew Max,2WD,large pickups,MY2017,34.0,10.0,59.0,,0.2964543425012648
Ram 1500 Crew Cab short bed,2WD,large pickups,MY2017,37.0,19.0,56.0,,0.5355304251635752
Chevrolet Silverado 1500 Crew Cab,2WD,large pickups,MY2017,54.0,35.0,74.0,,1.8902948935833341
Chevrolet Silverado 1500,4WD,large pickups,MY2017,51.0,15.0,87.0,3.6,1.6512188109210237
Ram 1500 Crew Cab short bed,4WD,large pickups,MY2017,39.0,28.0,50.0,,0.6949144802717822
Ford F-150 Crew Cab,4WD,large pickups,MY2017,25.0,17.0,34.0,4.0,-0.4207739054856664
GMC Sierra 1500 Crew Cab,2WD,large pickups,MY2017,48.0,21.0,74.0,,1.4121427282587133
Ford F-150 Supercab,2WD,large pickups,MY2017,23.0,4.0,43.0,,-0.5801579605938733
Ram 1500 Crew Cab long bed,4WD,large pickups,MY2017,16.0,0.0,32.0,,-1.1380021534725975
Toyota Tundra Double Cab short bed,4WD,large pickups,MY2017,13.0,1.0,25.0,,-1.3770782361349079
Chevrolet Silverado 1500,2WD,large pickups,MY2017,32.0,12.0,52.0,,0.13707028739305788
Ford F-150 Crew Cab,2WD,large pickups,MY2017,30.0,15.0,45.0,,-0.02231376771514906
Ram 1500 Quad Cab,2WD,large pickups,MY2017,41.0,20.0,62.0,,0.854298535379989
Ram 1500 Quad Cab,4WD,large pickups,MY2017,30.0,15.0,45.0,,-0.02231376771514906
GMC Sierra 1500 Crew Cab,4WD,large pickups,MY2017,29.0,18.0,40.0,,-0.10200579526925252
Ford F250 Crew Cab,4WD,very large pickups,MY2017,30.0,6.0,55.0,,-0.006915986556054439
Chevrolet Silverado 3500 Crew Cab,4WD,very large pickups,MY2017,15.0,0.0,32.0,,-0.9405741716234071
Ram 2500 Mega Cab,4WD,very large pickups,MY2017,47.0,0.0,105.0,,1.0512299565202785
Ram 2500 Crew Cab short bed,4WD,very large pickups,MY2017,30.0,18.0,43.0,,-0.006915986556054439
Chevrolet Silverado 2500 Extended Cab,4WD,very large pickups,MY2017,15.0,0.0,32.0,3.8,-0.9405741716234071
Ram 3500 Crew Cab long bed,4WD,very large pickups,MY2017,32.0,12.0,52.0,,0.11757177145292591
Ram 2500 Crew Cab long bed,4WD,very large pickups,MY2017,63.0,27.0,99.0,,2.0471320205921213
GMC Sierra 2500 Crew Cab,4WD,very large pickups,MY2017,22.0,6.0,38.0,3.6,-0.5048670185919758
Chevrolet Silverado 2500 Crew Cab,4WD,very large pickups,MY2017,17.0,7.0,27.0,3.6,-0.8160864136144267
Hyundai Tucson,4WD,small SUVs,MY2017,18.0,0.0,47.0,,-0.8075721408511185
Mitsubishi Outlander Sport,2WD,small SUVs,MY2017,43.0,9.0,77.0,,0.5212355219081528
Toyota RAV4,2WD,small SUVs,MY2017,28.0,0.0,59.0,,-0.27604907574741
Toyota RAV4,4WD,small SUVs,MY2017,10.0,0.0,30.0,,-1.2327905929340854
Subaru Forester,4WD,small SUVs,MY2017,17.0,10.0,24.0,,-0.8607244473614895
Jeep Renegade,2WD,small SUVs,MY2017,13.0,0.0,27.0,,-1.0733336734029728
Jeep Patriot,2WD,small SUVs,MY2017,60.0,35.0,85.0,3.4,1.4248247325844574
Mitsubishi Outlander,2WD,small SUVs,MY2017,55.0,5.0,104.0,,1.159063200032603
Nissan Rogue,4WD,small SUVs,MY2017,13.0,7.0,20.0,,-1.0733336734029728
Jeep Compass,2WD,small SUVs,MY2017,55.0,25.0,85.0,,1.159063200032603
Hyundai Tucson,2WD,small SUVs,MY2017,61.0,18.0,103.0,,1.4779770390948281
Jeep Renegade,4WD,small SUVs,MY2017,26.0,4.0,48.0,,-0.38235368876815173
Jeep Wrangler 2-door,4WD,midsize SUVs,MY2017,46.0,25.0,68.0,,1.9774765367130058
Honda HR-V,4WD,small SUVs,MY2017,9.0,0.0,21.0,,-1.2859428994444562
Honda CR-V,2WD,small SUVs,MY2017,18.0,0.0,54.0,,-0.8075721408511185
Mitsubishi Outlander,4WD,small SUVs,MY2017,7.0,0.0,22.0,,-1.392247512465198
Ford Escape,2WD,small SUVs,MY2017,29.0,20.0,38.0,,-0.22289676923703916
Volkswagen Tiguan,2WD,small SUVs,MY2017,24.0,3.0,46.0,3.6,-0.4886583017888934
Mitsubishi Outlander Sport,4WD,small SUVs,MY2017,67.0,12.0,122.0,,1.7968908781570534
Chevrolet Trax,2WD,small SUVs,MY2017,73.0,32.0,114.0,,2.1158047172192784
Nissan Rogue,2WD,small SUVs,MY2017,51.0,32.0,70.0,,0.9464539739911196
Volkswagen Tiguan,4WD,small SUVs,MY2017,29.0,0.0,62.0,,-0.22289676923703916
Honda HR-V,2WD,small SUVs,MY2017,50.0,4.0,95.0,,0.8933016674807488
Honda CR-V,4WD,small SUVs,MY2017,25.0,0.0,50.0,,-0.4355059952785226
Ford Escape,4WD,small SUVs,MY2017,24.0,15.0,33.0,,-0.4886583017888934
Jeep Compass,4WD,small SUVs,MY2017,40.0,15.0,64.0,,0.36177860237704024
Chevrolet Trax,4WD,small SUVs,MY2017,45.0,2.0,88.0,,0.6275401349288945
Jeep Patriot,4WD,small SUVs,MY2017,36.0,18.0,54.0,,0.14916937633555682
Jeep Cherokee,2WD,midsize SUVs,MY2017,26.0,12.0,41.0,,0.08004777584895226
Jeep Cherokee,4WD,midsize SUVs,MY2017,20.0,10.0,30.0,,-0.4891808524102638
Kia Sorento,2WD,midsize SUVs,MY2017,32.0,5.0,58.0,,0.6492764041081683
Ford Explorer,2WD,midsize SUVs,MY2017,33.0,8.0,58.0,,0.7441478421513711
GMC Terrain,2WD,midsize SUVs,MY2017,33.0,16.0,51.0,4.0,0.7441478421513711
Ford Explorer,4WD,midsize SUVs,MY2017,13.0,2.0,24.0,,-1.1532809187126827
Ford Edge,2WD,midsize SUVs,MY2017,21.0,2.0,41.0,,-0.39430941436706113
Ford Flex,2WD,midsize SUVs,MY2017,38.0,0.0,75.0,3.8,1.2185050323673845
Nissan Murano,4WD,midsize SUVs,MY2017,19.0,0.0,42.0,,-0.5840522904534665
Hyundai Santa Fe,4WD,small SUVs,MY2017,13.0,0.0,31.0,,-1.0733336734029728
Jeep Grand Cherokee,2WD,midsize SUVs,MY2017,17.0,3.0,31.0,,-0.7737951665398719
Hyundai Santa Fe Sport,4WD,midsize SUVs,MY2017,39.0,8.0,69.0,3.8333333333333335,1.313376470410587
Honda Pilot,2WD,midsize SUVs,MY2017,17.0,0.0,43.0,,-0.7737951665398719
Hyundai Santa Fe Sport,2WD,midsize SUVs,MY2017,51.0,24.0,78.0,,2.4518337269290194
Hyundai Santa Fe,2WD,small SUVs,MY2017,16.0,0.0,47.0,,-0.9138767538718603
Jeep Grand Cherokee,4WD,midsize SUVs,MY2017,16.0,10.0,23.0,,-0.8686666045830745
Dodge Journey,4WD,midsize SUVs,MY2017,23.0,2.0,44.0,,-0.2045665382806558
Chevrolet Equinox,4WD,small SUVs,MY2017,29.0,15.0,43.0,,-0.22289676923703916
Dodge Journey,2WD,midsize SUVs,MY2017,45.0,25.0,65.0,,1.8826050986698033
Toyota 4Runner,4WD,midsize SUVs,MY2017,13.0,1.0,25.0,3.6,-1.1532809187126827
Nissan Pathfinder,4WD,midsize SUVs,MY2017,20.0,3.0,37.0,,-0.4891808524102638
Toyota 4Runner,2WD,midsize SUVs,MY2017,34.0,0.0,67.0,,0.8390192801945737
Nissan Pathfinder,2WD,midsize SUVs,MY2017,25.0,5.0,45.0,,-0.01482366219425042
Kia Sorento,4WD,midsize SUVs,MY2017,12.0,0.0,25.0,,-1.2481523567558852
Honda Pilot,4WD,midsize SUVs,MY2017,11.0,0.0,27.0,,-1.343023794799088
Nissan Murano,2WD,midsize SUVs,MY2017,19.0,0.0,43.0,,-0.5840522904534665
Toyota Highlander,4WD,midsize SUVs,MY2017,13.0,0.0,30.0,4.0,-1.1532809187126827
GMC Terrain,4WD,midsize SUVs,MY2017,18.0,6.0,31.0,,-0.6789237284966692
Ford Edge,4WD,midsize SUVs,MY2017,20.0,6.0,33.0,,-0.4891808524102638
Chevrolet Equinox,2WD,small SUVs,MY2017,45.0,33.0,57.0,,0.6275401349288945
Jeep Wrangler 4-door,4WD,midsize SUVs,MY2017,31.0,21.0,41.0,,0.5544049660649657
GMC Yukon,4WD,large SUVs,MY2017,27.0,0.0,53.0,,0.03397577904927681
Chevrolet Traverse,2WD,midsize SUVs,MY2017,27.0,11.0,44.0,,0.17491921389215495
Buick Enclave,4WD,midsize SUVs,MY2017,24.0,0.0,49.0,,-0.1096951002374531
Chevrolet Tahoe,4WD,large SUVs,MY2017,19.0,3.0,35.0,,-0.5096366857391521
Dodge Durango,4WD,large SUVs,MY2017,15.0,0.0,30.0,,-0.7814429181333666
GMC Yukon,2WD,large SUVs,MY2017,40.0,0.0,88.0,,0.9173460343304739
Chevrolet Tahoe,2WD,large SUVs,MY2017,28.0,5.0,51.0,,0.10192733714783044
Buick Enclave,2WD,midsize SUVs,MY2017,20.0,2.0,38.0,,-0.4891808524102638
Chevrolet Traverse,4WD,midsize SUVs,MY2017,29.0,9.0,49.0,,0.3646620899785603
Dodge Durango,2WD,large SUVs,MY2017,11.0,0.0,28.0,,-1.0532491505275812
Ford Expedition,4WD,large SUVs,MY2017,17.0,0.0,36.0,3.0,-0.6455398019362594
Ford Expedition,2WD,large SUVs,MY2017,55.0,5.0,104.0,,1.9366194058087782
Ford Expedition EL,4WD,very large SUVs,MY2017,16.0,0.0,47.0,,0.3498160710127484
GMC Yukon XL 1500,4WD,very large SUVs,MY2017,0.0,0.0,20.0,,-1.142732498641645
Chevrolet Suburban 1500,2WD,very large SUVs,MY2017,25.0,0.0,57.0,,1.1893746414433446
Chevrolet Suburban 1500,4WD,very large SUVs,MY2017,8.0,0.0,18.0,,-0.39645821381444823
Buick Encore,2WD,small luxury SUVs,MY2017,46.0,20.0,72.0,,0.6153846153846154
Land Rover Range Rover Evoque,4WD,small luxury SUVs,MY2017,0.0,0.0,35.0,,-1.1538461538461537
Buick Encore,4WD,small luxury SUVs,MY2017,44.0,9.0,79.0,,0.5384615384615384
Infiniti QX60,4WD,midsize luxury SUVs,MY2017,9.0,0.0,20.0,3.8333333333333335,0.0
Audi Q5,4WD,midsize luxury SUVs,MY2017,12.0,0.0,24.0,,0.34462781148036764
Lexus NX 200t,4WD,midsize luxury SUVs,MY2017,0.0,0.0,28.0,,-1.033883434441103
BMW X3,4WD,midsize luxury SUVs,MY2017,5.0,0.0,11.0,,-0.4595037486404902
Lexus NX 200t,2WD,midsize luxury SUVs,MY2017,15.0,0.0,46.0,,0.6892556229607353
Infiniti QX60,2WD,midsize luxury SUVs,MY2017,0.0,0.0,26.0,,-1.033883434441103
Acura RDX,4WD,midsize luxury SUVs,MY2017,12.0,0.0,27.0,,0.34462781148036764
Acura RDX,2WD,midsize luxury SUVs,MY2017,4.0,0.0,12.0,,-0.5743796858006127
Volvo XC60,4WD,midsize luxury SUVs,MY2017,29.0,0.0,66.0,,2.297518743202451
BMW X5,4WD,midsize luxury SUVs,MY2017,4.0,0.0,11.0,,-0.5743796858006127
Land Rover Range Rover,4WD,large luxury SUVs,MY2017,15.0,0.0,45.0,,1.3887301496588271
Porsche Cayenne,4WD,large luxury SUVs,MY2017,0.0,0.0,26.0,,-0.9258200997725514
Lexus GX 460,4WD,large luxury SUVs,MY2017,3.0,0.0,10.0,,-0.4629100498862757
Cadillac Escalade,4WD,large luxury SUVs,MY2017,6.0,0.0,19.0,,0.0
BMW 328i,NAN,midsize luxury cars,MY2014,17.0,3.0,49.0,,0.0
Mercedes-Benz C-Class sedan,4WD,midsize luxury cars,MY2014,25.0,2.0,48.0,,0.859810402003104
Mercedes-Benz C-Class sedan,2WD,midsize luxury cars,MY2014,11.0,1.0,20.0,,-0.644857801502328
Lexus ES 350,NAN,midsize luxury cars,MY2014,31.0,3.0,59.0,,1.504668203505432
Audi A4,4WD,midsize luxury cars,MY2014,15.0,3.0,43.0,,-0.214952600500776
Lexus CT 200h,NAN,midsize luxury cars,MY2014,0.0,0.0,25.0,,-1.827097104256596
Acura TL,2WD,midsize luxury cars,MY2014,21.0,0.0,45.0,,0.429905201001552
Volvo S60,2WD,midsize luxury cars,MY2014,16.0,2.0,56.0,,-0.107476300250388
Mercedes-Benz E-Class sedan,2WD,large luxury cars,MY2014,4.0,0.0,22.0,,-0.2837158914367821
Hyundai Genesis sedan,NAN,large luxury cars,MY2014,15.0,3.0,44.0,,1.081666836102732
Audi A6,4WD,large luxury cars,MY2014,0.0,0.0,36.0,,-0.7802187014511509
BMW 535xi,4WD,large luxury cars,MY2014,0.0,0.0,30.0,,-0.7802187014511509
BMW 535i/is,2WD,large luxury cars,MY2014,0.0,0.0,28.0,,-0.7802187014511509
BMW 528i,2WD,large luxury cars,MY2014,20.0,4.0,60.0,,1.702295348620693
Mercedes-Benz E-Class sedan,4WD,large luxury cars,MY2014,5.0,0.0,26.0,,-0.15959018893318994
Ford Mustang convertible,NAN,midsize sports cars,MY2014,60.0,5.0,115.0,,0.7395441611851471
Ford Mustang coupe,NAN,midsize sports cars,MY2014,58.0,28.0,87.0,,0.39821608679200243
Ford Mustang GT coupe,NAN,midsize sports cars,MY2014,49.0,22.0,76.0,,-1.1377602479771483
Chevrolet Camaro coupe,NAN,large sports cars,MY2014,55.0,36.0,74.0,,0.7071067811865475
Chevrolet Camaro convertible,NAN,large sports cars,MY2014,51.0,19.0,83.0,,-0.7071067811865475
Ford Fiesta,NAN,mini station wagons/minivans,MY2014,63.0,31.0,95.0,,
Hyundai Accent,NAN,mini cars,MY2014,63.0,18.0,108.0,,
Ford Focus,NAN,small station wagons/minivans,MY2014,45.0,26.0,64.0,,0.3780571259605257
Chevrolet Sonic,NAN,small cars,MY2014,54.0,20.0,88.0,,
Subaru XV Crosstrek,4WD,small station wagons/minivans,MY2014,17.0,4.0,51.0,,-0.6958442753186491
Kia Soul,NAN,small station wagons/minivans,MY2014,82.0,24.0,140.0,,1.7971411205080068
Scion xB,NAN,small station wagons/minivans,MY2014,51.0,21.0,82.0,,0.6081788548060632
Subaru Impreza,4WD,small station wagons/minivans,MY2014,12.0,3.0,36.0,,-0.8876123826899303
Mini Countryman,2WD,small station wagons/minivans,MY2014,10.0,0.0,53.0,,-0.9643196256384428
Toyota Prius v,NAN,small station wagons/minivans,MY2014,29.0,2.0,56.0,,-0.23560081762757418
Mazda 5,NAN,midsize station wagons/minivans,MY2014,23.0,5.0,66.0,,0.7071067811865476
Subaru Outback,4WD,midsize station wagons/minivans,MY2014,12.0,5.0,20.0,,-0.7071067811865476
Volkswagen Jetta,NAN,midsize cars,MY2014,20.0,0.0,41.0,,
Honda Odyssey,NAN,very large station wagons/minivans,MY2014,8.0,1.0,15.0,,-0.820327019508069
Dodge Grand Caravan,NAN,very large station wagons/minivans,MY2014,35.0,21.0,48.0,,0.6728524991470679
Chrysler Town & Country,NAN,very large station wagons/minivans,MY2014,22.0,11.0,33.0,,-0.046085787612812804
Toyota Sienna,2WD,very large station wagons/minivans,MY2014,9.0,2.0,16.0,,-0.7650240743726935
Toyota Sienna,4WD,very large station wagons/minivans,MY2014,10.0,1.0,37.0,,-0.7097211292373181
Nissan Quest,NAN,very large station wagons/minivans,MY2014,53.0,4.0,101.0,,1.668305511583826
Toyota Tacoma Double Cab long bed,4WD,small pickups,MY2014,0.0,0.0,30.0,,-1.5288740400663139
Nissan Frontier Crew Cab short bed,4WD,small pickups,MY2014,16.0,0.0,31.0,,-0.3640176285872176
Nissan Frontier Crew Cab short bed,2WD,small pickups,MY2014,42.0,9.0,76.0,,1.5288740400663139
Toyota Tacoma Double Cab short bed,2WD,small pickups,MY2014,13.0,1.0,24.0,,-0.5824282057395481
Toyota Tacoma Double Cab short bed,4WD,small pickups,MY2014,29.0,6.0,52.0,,0.5824282057395481
Toyota Tacoma Access Cab,2WD,small pickups,MY2014,30.0,0.0,63.0,,0.6552317314569917
Toyota Tacoma Access Cab,4WD,small pickups,MY2014,17.0,0.0,33.0,,-0.29121410286977406
Toyota Tundra Double Cab short bed,2WD,large pickups,MY2014,19.0,2.0,36.0,,-0.7873511764136762
Ram 1500 Quad Cab,4WD,large pickups,MY2014,39.0,6.0,72.0,,0.5819552173492389
Ford F-150 SuperCab,4WD,large pickups,MY2014,28.0,17.0,39.0,,-0.1711632992203644
Toyota Tundra CrewMax,4WD,large pickups,MY2014,24.0,8.0,40.0,,-0.4450245779729474
Honda Ridgeline,4WD,large pickups,MY2014,26.0,3.0,49.0,,-0.3080939385966559
Ford F-150 Regular Cab,2WD,large pickups,MY2014,22.0,4.0,40.0,,-0.5819552173492389
Ford F-150 SuperCab,2WD,large pickups,MY2014,20.0,7.0,32.0,,-0.7188858567255305
Ram 1500 Crew Cab short bed,4WD,large pickups,MY2014,55.0,21.0,90.0,,1.6774003323595712
Ram 1500 Quad Cab,2WD,large pickups,MY2014,29.0,0.0,57.0,,-0.10269797953221864
Chevrolet Silverado 1500 Double Cab,4WD,large pickups,MY2014,27.0,6.0,79.0,,-0.23962861890851017
Ford F-150 SuperCrew,2WD,large pickups,MY2014,22.0,10.0,34.0,,-0.5819552173492389
Toyota Tundra Double Cab short bed,4WD,large pickups,MY2014,17.0,4.0,30.0,,-0.9242818157899678
Nissan Titan Crew Cab short bed,4WD,large pickups,MY2014,73.0,16.0,130.0,,2.909776086746195
Ford F-150 SuperCrew,4WD,large pickups,MY2014,24.0,17.0,31.0,,-0.4450245779729474
Toyota Tundra CrewMax,2WD,large pickups,MY2014,28.0,3.0,53.0,,-0.1711632992203644
Chevrolet Silverado 1500 Crew Cab,4WD,large pickups,MY2014,35.0,12.0,59.0,,0.3080939385966559
Ford F250 SuperCab,4WD,very large pickups,MY2014,31.0,9.0,53.0,,0.0
GMC Sierra 2500 Crew Cab,4WD,very large pickups,MY2014,27.0,7.0,48.0,,-0.4224200062852578
Chevrolet Silverado 3500 Crew Cab,4WD,very large pickups,MY2014,33.0,4.0,63.0,,0.2112100031426289
Ford F350 Crew Cab,4WD,very large pickups,MY2014,13.0,3.0,23.0,,-1.90089002828366
Chevrolet Silverado 2500 Crew Cab,4WD,very large pickups,MY2014,34.0,18.0,51.0,,0.31681500471394336
Ram 2500 Crew Cab short bed,4WD,very large pickups,MY2014,44.0,8.0,81.0,,1.3728650204270878
Ford F250 Crew Cab,4WD,very large pickups,MY2014,35.0,22.0,47.0,,0.4224200062852578
Hyundai Tucson,2WD,small SUVs,MY2014,26.0,7.0,45.0,,0.10920594484808767
Kia Sportage,2WD,small SUVs,MY2014,37.0,6.0,69.0,,1.1960651102409607
Honda CR-V,4WD,small SUVs,MY2014,14.0,6.0,22.0,,-1.0764585992168647
Jeep Compass,4WD,small SUVs,MY2014,22.0,0.0,43.0,,-0.2860155698402298
Toyota RAV4,4WD,small SUVs,MY2014,25.0,7.0,43.0,,0.010400566176008298
Jeep Wrangler 2-door,4WD,midsize SUVs,MY2014,35.0,18.0,51.0,,1.1998698306730355
Ford Escape,4WD,small SUVs,MY2014,19.0,3.0,34.0,,-0.5824317058564679
Jeep Compass,2WD,small SUVs,MY2014,39.0,3.0,75.0,,1.3936758675851193
Toyota RAV4,2WD,small SUVs,MY2014,13.0,3.0,39.0,,-1.175263977888944
Mitsubishi Outlander Sport,2WD,small SUVs,MY2014,29.0,6.0,86.0,,0.4056220808643258
Kia Sportage,4WD,small SUVs,MY2014,13.0,2.0,46.0,,-1.175263977888944
Ford Escape,2WD,small SUVs,MY2014,30.0,13.0,48.0,,0.5044274595364051
Hyundai Tucson,4WD,small SUVs,MY2014,41.0,0.0,82.0,,1.591286624929278
Mazda CX-5,2WD,small SUVs,MY2014,29.0,6.0,84.0,,0.4056220808643258
Subaru Forester,4WD,small SUVs,MY2014,28.0,3.0,53.0,,0.3068167021922464
Volkswagen Tiguan,4WD,small SUVs,MY2014,30.0,3.0,56.0,,0.5044274595364051
Honda CR-V,2WD,small SUVs,MY2014,22.0,8.0,36.0,,-0.2860155698402298
Volkswagen Tiguan,2WD,small SUVs,MY2014,0.0,0.0,25.0,,-2.459733900625976
Toyota Venza,4WD,midsize SUVs,MY2014,7.0,0.0,36.0,,-1.0821467529466247
Hyundai Santa Fe Sport,2WD,midsize SUVs,MY2014,23.0,2.0,44.0,,0.22186272340746688
Ford Explorer,2WD,midsize SUVs,MY2014,27.0,9.0,45.0,,0.5478650924959898
Honda Pilot,4WD,midsize SUVs,MY2014,15.0,5.0,25.0,,-0.43014201476957886
Nissan Murano,2WD,midsize SUVs,MY2014,43.0,17.0,69.0,,1.8518745688500813
Mazda CX-9,2WD,midsize SUVs,MY2014,0.0,0.0,30.0,,-1.6526508988515396
Jeep Grand Cherokee,4WD,midsize SUVs,MY2014,16.0,7.0,24.0,,-0.3486414224974481
Dodge Journey,4WD,midsize SUVs,MY2014,13.0,2.0,48.0,,-0.5931431993138403
Nissan Pathfinder,2WD,midsize SUVs,MY2014,18.0,2.0,66.0,,-0.1856402379531867
Ford Flex,2WD,midsize SUVs,MY2014,45.0,3.0,86.0,,2.014875753394343
Toyota 4Runner,4WD,midsize SUVs,MY2014,9.0,2.0,26.0,,-0.9191455684023632
Toyota Venza,2WD,midsize SUVs,MY2014,11.0,1.0,38.0,,-0.7561443838581017
Nissan Pathfinder,4WD,midsize SUVs,MY2014,7.0,0.0,41.0,,-1.0821467529466247
Nissan Xterra,4WD,midsize SUVs,MY2014,14.0,2.0,50.0,,-0.5116426070417096
Dodge Journey,2WD,midsize SUVs,MY2014,21.0,7.0,35.0,,0.058861538863205456
Nissan Murano,4WD,midsize SUVs,MY2014,10.0,2.0,29.0,,-0.8376449761302325
Jeep Grand Cherokee,2WD,midsize SUVs,MY2014,10.0,2.0,31.0,,-0.8376449761302325
Toyota FJ Cruiser,4WD,midsize SUVs,MY2014,17.0,2.0,63.0,,-0.2671408302253174
Honda Pilot,2WD,midsize SUVs,MY2014,17.0,3.0,32.0,,-0.2671408302253174
GMC Terrain,2WD,midsize SUVs,MY2014,53.0,31.0,75.0,,2.6668804915713884
Chevrolet Captiva Sport,2WD,midsize SUVs,MY2014,39.0,9.0,69.0,,1.5258721997615583
GMC Terrain,4WD,midsize SUVs,MY2014,32.0,7.0,57.0,,0.9553680538566434
Ford Edge,2WD,midsize SUVs,MY2014,26.0,13.0,39.0,,0.46636450022385906
Toyota 4Runner,2WD,midsize SUVs,MY2014,19.0,4.0,56.0,,-0.10413964568105598
Jeep Cherokee,4WD,midsize SUVs,MY2014,0.0,0.0,36.0,,-1.6526508988515396
Jeep Wrangler 4-door,4WD,midsize SUVs,MY2014,27.0,14.0,41.0,,0.5478650924959898
Chevrolet Equinox,2WD,small SUVs,MY2014,33.0,22.0,44.0,,0.8008435955526432
Chevrolet Equinox,4WD,small SUVs,MY2014,23.0,10.0,35.0,,-0.18721019116815044
Ford Explorer,4WD,midsize SUVs,MY2014,4.0,0.0,9.0,,-1.3266485297630168
Ford Edge,4WD,midsize SUVs,MY2014,24.0,5.0,43.0,,0.3033633156795976
Mazda CX-9,4WD,midsize SUVs,MY2014,20.0,4.0,59.0,,-0.022639053408925264
GMC Yukon,4WD,large SUVs,MY2014,24.0,4.0,44.0,,0.4954279167555154
Chevrolet Traverse,2WD,midsize SUVs,MY2014,25.0,9.0,41.0,,0.3848639079517283
Chevrolet Tahoe,4WD,large SUVs,MY2014,32.0,10.0,54.0,,1.4013532502513149
Buick Enclave,4WD,midsize SUVs,MY2014,12.0,2.0,35.0,,-0.674643791585971
Dodge Durango,4WD,large SUVs,MY2014,16.0,3.0,28.0,,-0.41049741674028417
GMC Acadia,2WD,midsize SUVs,MY2014,19.0,2.0,37.0,,-0.10413964568105598
Dodge Durango,2WD,large SUVs,MY2014,16.0,3.0,46.0,,-0.41049741674028417
Chevrolet Traverse,4WD,midsize SUVs,MY2014,20.0,3.0,38.0,,-0.022639053408925264
Chevrolet Tahoe,2WD,large SUVs,MY2014,9.0,2.0,27.0,,-1.2031820835491087
Buick Enclave,2WD,midsize SUVs,MY2014,30.0,7.0,54.0,,0.7923668693123819
GMC Yukon,2WD,large SUVs,MY2014,29.0,0.0,58.0,,1.0616312501903902
Ford Expedition,2WD,large SUVs,MY2014,8.0,0.0,47.0,,-1.3164227502360837
GMC Acadia,4WD,midsize SUVs,MY2014,22.0,2.0,43.0,,0.14036213113533616
Ford Expedition,4WD,large SUVs,MY2014,23.0,0.0,46.0,,0.38218725006854043
GMC Yukon XL 1500,4WD,very large SUVs,MY2014,11.0,1.0,41.0,,-0.4588314677411235
Chevrolet Suburban 1500,4WD,very large SUVs,MY2014,39.0,11.0,67.0,,1.1470786693528088
Chevrolet Suburban 1500,2WD,very large SUVs,MY2014,7.0,0.0,38.0,,-0.6882472016116852
Mercedes-Benz GLK-Class,2WD,midsize luxury SUVs,MY2014,9.0,0.0,51.0,,-0.2644991955343133
BMW X3,4WD,midsize luxury SUVs,MY2014,9.0,1.0,31.0,,-0.2644991955343133
Mercedes-Benz GLK-Class,4WD,midsize luxury SUVs,MY2014,7.0,0.0,38.0,,-0.41212665350695327
Lexus RX 350,2WD,midsize luxury SUVs,MY2014,0.0,0.0,12.0,,-0.928822756411193
Volvo XC60,4WD,midsize luxury SUVs,MY2014,10.0,0.0,55.0,,-0.19068546654799332
Audi Q5,4WD,midsize luxury SUVs,MY2014,7.0,1.0,26.0,,-0.41212665350695327
Cadillac SRX,4WD,midsize luxury SUVs,MY2014,23.0,0.0,49.0,,0.7688930102741663
Lincoln MKX,2WD,midsize luxury SUVs,MY2014,49.0,4.0,94.0,,2.688049963918486
Mercedes-Benz M-Class,4WD,midsize luxury SUVs,MY2014,0.0,0.0,19.0,,-0.928822756411193
Lincoln MKX,4WD,midsize luxury SUVs,MY2014,15.0,2.0,55.0,,0.17838317838360657
Cadillac SRX,2WD,midsize luxury SUVs,MY2014,20.0,3.0,37.0,,0.5474518233152065
Lexus RX 350,4WD,midsize luxury SUVs,MY2014,2.0,0.0,14.0,,-0.7811952984385532
Lexus GX 460,4WD,large luxury SUVs,MY2014,8.0,0.0,47.0,,0.4730161648796401
Audi Q7,4WD,large luxury SUVs,MY2014,0.0,0.0,36.0,,-1.1487535432791263
Porsche Cayenne,4WD,large luxury SUVs,MY2014,9.0,0.0,48.0,,0.6757373783994859
Lexus IS 250,4WD,midsize luxury cars,MY2011,30.0,0.0,68.0,,1.238988117404558
Acura TL,2WD,midsize luxury cars,MY2011,5.0,0.0,16.0,,-0.721436118995059
Mercedes-Benz C-Class,4WD,midsize luxury cars,MY2011,7.0,0.0,18.0,,-0.5646021800830897
BMW 328i sedan,NAN,midsize luxury cars,MY2011,7.0,0.0,15.0,,-0.5646021800830897
BMW 328xi sedan,NAN,midsize luxury cars,MY2011,16.0,0.0,42.0,,0.14115054502077248
Audi A4,4WD,midsize luxury cars,MY2011,0.0,0.0,31.0,,-1.1135209662749825
Lexus IS 250,2WD,midsize luxury cars,MY2011,16.0,0.0,37.0,,0.14115054502077248
Infiniti G37 coupe,2WD,midsize luxury cars,MY2011,42.0,12.0,72.0,,2.179991750876374
Mercedes-Benz C-Class,2WD,midsize luxury cars,MY2011,10.0,1.0,20.0,,-0.3293512717151356
Lexus ES 350,NAN,midsize luxury cars,MY2011,9.0,2.0,16.0,,-0.4077682411711203
Cadillac DTS,NAN,large luxury cars,MY2011,46.0,22.0,69.0,,0.7071067811865475
Cadillac CTS sedan,2WD,large luxury cars,MY2011,21.0,0.0,43.0,,-0.7071067811865475
Lexus LS 460,2WD,very large luxury cars,MY2011,18.0,0.0,55.0,,
Chevrolet Camaro coupe,NAN,large sports cars,MY2011,80.0,48.0,113.0,,
Chevrolet Aveo,NAN,mini station wagons/minivans,MY2011,58.0,17.0,100.0,,
Kia Soul,NAN,small station wagons/minivans,MY2011,32.0,12.0,52.0,,-0.6056813524851214
Scion xB,NAN,small station wagons/minivans,MY2011,31.0,16.0,47.0,,-0.6642956769191655
Subaru Impreza,4WD,small station wagons/minivans,MY2011,25.0,0.0,64.0,,-1.0159816235234296
Nissan Cube,NAN,small station wagons/minivans,MY2011,66.0,14.0,118.0,,1.3872056782723745
Chevrolet HHR,NAN,small station wagons/minivans,MY2011,61.0,30.0,91.0,,1.0941340561021546
Dodge Caliber,2WD,small station wagons/minivans,MY2011,39.0,19.0,58.0,,-0.19538108144681346
Volkswagen Jetta,NAN,midsize cars,MY2011,6.0,0.0,18.0,,
Subaru Outback,4WD,midsize station wagons/minivans,MY2011,6.0,0.0,14.0,,
Toyota Sienna,2WD,very large station wagons/minivans,MY2011,27.0,0.0,66.0,,0.6923877158526647
Dodge Grand Caravan,NAN,very large station wagons/minivans,MY2011,27.0,15.0,39.0,,0.6923877158526647
Kia Sedona,NAN,very large station wagons/minivans,MY2011,16.0,0.0,37.0,,-0.25964539344474924
Honda Odyssey,NAN,very large station wagons/minivans,MY2011,0.0,0.0,37.0,,-1.6444208251500787
Chrysler Town & Country,NAN,very large station wagons/minivans,MY2011,25.0,15.0,35.0,,0.5192907868894985
Toyota Tacoma Xtra,4WD,small pickups,MY2011,20.0,0.0,44.0,,-0.4173375325965112
Toyota Tacoma Double short bed,2WD,small pickups,MY2011,19.0,0.0,49.0,,-0.6558161226516604
Toyota Tacoma Xtra,2WD,small pickups,MY2011,28.0,0.0,71.0,,1.4904911878446827
Toyota Tacoma Double short bed,4WD,small pickups,MY2011,20.0,0.0,41.0,,-0.4173375325965112
Chevrolet Silverado 1500 Crew,4WD,large pickups,MY2011,79.0,40.0,117.0,,3.1649468509253573
Dodge Ram 1500 Quad,4WD,large pickups,MY2011,8.0,0.0,20.0,,-1.1418072066472542
Toyota Tundra Double short bed,4WD,large pickups,MY2011,15.0,4.0,27.0,,-0.7171976516753066
Ford F-150 Super,4WD,large pickups,MY2011,39.0,19.0,58.0,,0.7386065367999425
Ford F-150 Crew,4WD,large pickups,MY2011,27.0,13.0,40.0,,0.01070444256231797
Ford F-150 Regular,2WD,large pickups,MY2011,30.0,0.0,59.0,,0.1926799661217241
Dodge Ram 1500 Crew short bed,4WD,large pickups,MY2011,28.0,7.0,50.0,,0.07136295041545335
Toyota Tundra Crew Max,2WD,large pickups,MY2011,41.0,0.0,83.0,,0.8599235525062132
Ford F-150 Super,2WD,large pickups,MY2011,24.0,4.0,44.0,,-0.17127108099708815
Toyota Tundra Double short bed,2WD,large pickups,MY2011,18.0,4.0,32.0,,-0.5352221281159004
Dodge Ram 1500 Quad,2WD,large pickups,MY2011,29.0,3.0,54.0,,0.13202145826858872
Chevrolet Silverado 1500 Crew,2WD,large pickups,MY2011,12.0,0.0,29.0,,-0.8991731752347127
Toyota Tundra Crew Max,4WD,large pickups,MY2011,20.0,0.0,46.0,,-0.4139051124096297
Honda Ridgeline,4WD,large pickups,MY2011,13.0,0.0,25.0,,-0.8385146673815773
Dodge Ram 1500 Crew short bed,2WD,large pickups,MY2011,18.0,0.0,39.0,,-0.5352221281159004
Ford F-150 Crew,2WD,large pickups,MY2011,19.0,6.0,31.0,,-0.47456362026276505
Chevrolet Silverado 1500 Ext,4WD,large pickups,MY2011,36.0,8.0,64.0,,0.5566310132405363
Jeep Patriot,2WD,small SUVs,MY2011,57.0,20.0,95.0,,2.5172087151055886
Ford Escape,4WD,small SUVs,MY2011,35.0,16.0,54.0,,0.9611160548584974
Nissan Rogue,4WD,small SUVs,MY2011,25.0,7.0,42.0,,0.2538012092916379
Jeep Compass,2WD,small SUVs,MY2011,7.0,0.0,20.0,,-1.0193655127287091
Toyota RAV4,2WD,small SUVs,MY2011,35.0,14.0,55.0,,0.9611160548584974
Subaru Forester,4WD,small SUVs,MY2011,20.0,7.0,33.0,,-0.09985621349179181
Nissan Rogue,2WD,small SUVs,MY2011,42.0,16.0,67.0,,1.456236446755299
Toyota RAV4,4WD,small SUVs,MY2011,19.0,8.0,29.0,,-0.17058769804847776
Ford Escape,2WD,small SUVs,MY2011,27.0,9.0,46.0,,0.3952641784050098
Honda CR-V,2WD,small SUVs,MY2011,19.0,8.0,31.0,,-0.17058769804847776
Honda CR-V,4WD,small SUVs,MY2011,17.0,8.0,26.0,,-0.31205066716184965
Jeep Patriot,4WD,small SUVs,MY2011,11.0,0.0,25.0,,-0.7364395745019653
Jeep Wrangler 2-door,4WD,midsize SUVs,MY2011,34.0,15.0,52.0,,1.3493094030522892
Honda Element,4WD,small SUVs,MY2011,12.0,0.0,30.0,,-0.6657080899452794
Honda Pilot,2WD,midsize SUVs,MY2011,11.0,0.0,34.0,,-0.4522965976523591
Honda Pilot,4WD,midsize SUVs,MY2011,2.0,0.0,7.0,,-1.1572728587976562
Toyota Highlander hybrid,4WD,midsize SUVs,MY2011,0.0,0.0,26.0,,-1.3139342501632778
Nissan Murano,4WD,midsize SUVs,MY2011,21.0,0.0,43.0,,0.3310103591757489
Jeep Wrangler 4-door,4WD,midsize SUVs,MY2011,21.0,7.0,35.0,,0.3310103591757489
Toyota Venza,4WD,midsize SUVs,MY2011,13.0,0.0,31.0,,-0.29563520628673745
Dodge Journey,2WD,midsize SUVs,MY2011,34.0,8.0,61.0,,1.3493094030522892
Dodge Nitro,4WD,midsize SUVs,MY2011,13.0,0.0,29.0,,-0.29563520628673745
Nissan Murano,2WD,midsize SUVs,MY2011,25.0,0.0,54.0,,0.6443331419069921
Jeep Liberty,2WD,midsize SUVs,MY2011,34.0,0.0,73.0,,1.3493094030522892
Dodge Nitro,2WD,midsize SUVs,MY2011,51.0,0.0,107.0,,2.680931229660073
Hyundai Santa Fe,2WD,small SUVs,MY2011,16.0,1.0,32.0,,-0.3827821517185356
Toyota Highlander,4WD,midsize SUVs,MY2011,14.0,0.0,28.0,,-0.21730451060392666
Mazda CX-9,2WD,midsize SUVs,MY2011,12.0,0.0,29.0,,-0.37396590196954826
Ford Flex,2WD,midsize SUVs,MY2011,5.0,0.0,15.0,,-0.9222807717492238
Kia Sorento,2WD,midsize SUVs,MY2011,0.0,0.0,35.0,,-1.3139342501632778
Toyota FJ Cruiser,4WD,midsize SUVs,MY2011,18.0,0.0,36.0,,0.0960182721273165
Hyundai Santa Fe,4WD,small SUVs,MY2011,12.0,0.0,24.0,,-0.6657080899452794
Toyota Highlander,2WD,midsize SUVs,MY2011,7.0,0.0,18.0,,-0.7656193803836022
Ford Edge,4WD,midsize SUVs,MY2011,41.0,12.0,70.0,,1.8976242728319648
Chevrolet Equinox,2WD,small SUVs,MY2011,5.0,0.0,12.0,,-1.160828481842081
GMC Terrain,2WD,midsize SUVs,MY2011,38.0,0.0,80.0,,1.6626321857835324
Jeep Grand Cherokee,4WD,midsize SUVs,MY2011,7.0,0.0,21.0,,-0.7656193803836022
Toyota Venza,2WD,midsize SUVs,MY2011,21.0,0.0,47.0,,0.3310103591757489
Jeep Liberty,4WD,midsize SUVs,MY2011,19.0,4.0,35.0,,0.17434896781012732
Chevrolet Equinox,4WD,small SUVs,MY2011,5.0,0.0,15.0,,-1.160828481842081
Mazda CX-9,4WD,midsize SUVs,MY2011,5.0,0.0,16.0,,-0.9222807717492238
Ford Edge,2WD,midsize SUVs,MY2011,14.0,3.0,25.0,,-0.21730451060392666
GMC Acadia,4WD,midsize SUVs,MY2011,8.0,0.0,18.0,,-0.6872886847007914
Toyota Sequoia,4WD,large SUVs,MY2011,0.0,0.0,33.0,,-0.9522974662324779
Buick Enclave,2WD,midsize SUVs,MY2011,8.0,0.0,16.0,,-0.6872886847007914
Ford Expedition,2WD,large SUVs,MY2011,36.0,3.0,68.0,,2.2001355254336556
Chevrolet Tahoe,2WD,large SUVs,MY2011,18.0,6.0,30.0,,0.623919029600589
Chevrolet Traverse,2WD,midsize SUVs,MY2011,8.0,0.0,17.0,,-0.6872886847007914
Buick Enclave,4WD,midsize SUVs,MY2011,10.0,0.0,29.0,,-0.5306272933351699
Chevrolet Tahoe,4WD,large SUVs,MY2011,10.0,1.0,18.0,,-0.07662163521410742
GMC Acadia,2WD,midsize SUVs,MY2011,15.0,1.0,29.0,,-0.13897381492111588
Chevrolet Traverse,4WD,midsize SUVs,MY2011,11.0,0.0,24.0,,-0.4522965976523591
GMC Yukon,2WD,large SUVs,MY2011,7.0,0.0,20.0,,-0.33932438451961855
Ford Expedition,4WD,large SUVs,MY2011,5.0,0.0,15.0,,-0.5144595507232926
GMC Yukon,4WD,large SUVs,MY2011,4.0,0.0,11.0,,-0.6020271338251297
Nissan Armada,2WD,large SUVs,MY2011,7.0,0.0,21.0,,-0.33932438451961855
Chevrolet Avalanche 1500,4WD,very large SUVs,MY2011,29.0,5.0,53.0,,0.14744195615489714
Chevrolet Suburban 1500,2WD,very large SUVs,MY2011,60.0,13.0,107.0,,1.6710088364221676
Chevrolet Avalanche 1500,2WD,very large SUVs,MY2011,15.0,0.0,36.0,,-0.5406205059012895
GMC Yukon XL 1500,4WD,very large SUVs,MY2011,9.0,0.0,23.0,,-0.8355044182110838
Chevrolet Suburban 1500,4WD,very large SUVs,MY2011,17.0,0.0,34.0,,-0.4423258684646914
Volvo XC90,4WD,midsize luxury SUVs,MY2011,0.0,0.0,33.0,,-1.2743593187056785
Lexus RX 350,4WD,midsize luxury SUVs,MY2011,0.0,0.0,20.0,,-1.2743593187056785
Mercedes-Benz M-Class,4WD,midsize luxury SUVs,MY2011,3.0,0.0,10.0,,-0.8388187920594341
BMW X5,4WD,midsize luxury SUVs,MY2011,14.0,0.0,31.0,,0.758163138976796
Lincoln MKX,4WD,midsize luxury SUVs,MY2011,12.0,0.0,30.0,,0.4678027878792996
Acura MDX,4WD,midsize luxury SUVs,MY2011,12.0,0.0,24.0,,0.4678027878792996
Lexus RX 350,2WD,midsize luxury SUVs,MY2011,6.0,0.0,18.0,,-0.4032782654131895
Acura RDX,4WD,midsize luxury SUVs,MY2011,12.0,0.0,28.0,,0.4678027878792996
Lincoln MKX,2WD,midsize luxury SUVs,MY2011,20.0,0.0,43.0,,1.629244192269285
Cadillac Escalade,4WD,large luxury SUVs,MY2011,37.0,0.0,73.0,,1.1414474258498062
Mercedes-Benz GL-Class,4WD,large luxury SUVs,MY2011,0.0,0.0,22.0,,-0.7217976369344364
Land Rover Range Rover Sport,4WD,large luxury SUVs,MY2011,6.0,0.0,18.0,,-0.41964978891537
Saab 9-3 4-door,NAN,midsize luxury cars,MY2008,16.0,8.0,24.0,,-1.0749532939486643
Acura 3.2 TL,NAN,midsize luxury cars,MY2008,21.0,16.0,26.0,,-0.8220231071372139
Lexus ES 350,NAN,midsize luxury cars,MY2008,32.0,22.0,42.0,,-0.26557669615202295
Lincoln Zephyr/MKZ,NAN,midsize luxury cars,MY2008,72.0,53.0,90.0,,1.7578647983395808
BMW 3 series 4-door,NAN,midsize luxury cars,MY2008,63.0,44.0,81.0,,1.30259046207897
Lexus IS 250 4-door,NAN,midsize luxury cars,MY2008,33.0,21.0,45.0,,-0.2149906587897329
Mercedes-Benz CLK-Class convertible,NAN,midsize luxury cars,MY2008,33.0,16.0,50.0,,-0.2149906587897329
Audi A4 4-door,4WD,midsize luxury cars,MY2008,28.0,18.0,38.0,,-0.46792084560118336
Acura RL,NAN,large luxury cars,MY2008,21.0,10.0,31.0,,0.42566562296071425
Mercedes-Benz E-Class 4-door,4WD,large luxury cars,MY2008,0.0,0.0,43.0,,-0.8888899773591384
Audi A6 4-door,4WD,large luxury cars,MY2008,0.0,0.0,28.0,,-0.8888899773591384
Mercedes-Benz E-Class 4-door,NAN,large luxury cars,MY2008,12.0,7.0,17.0,,-0.1377153486049369
Cadillac STS V6,NAN,large luxury cars,MY2008,38.0,26.0,49.0,,1.4898296803624997
BMW 7 series,NAN,very large luxury cars,MY2008,30.0,17.0,43.0,,-0.7071067811865476
Lincoln Town Car,NAN,very large luxury cars,MY2008,54.0,45.0,63.0,,0.7071067811865476
Mazda Mx-5 Miata convertible,NAN,mini sports cars,MY2008,83.0,61.0,104.0,,
Mercedes-Benz SLK-Class convertible,NAN,small sports cars,MY2008,47.0,27.0,67.0,,-0.7071067811865475
Pontiac Soltice convertible,NAN,small sports cars,MY2008,63.0,45.0,80.0,,0.7071067811865475
Nissan 350Z 2-door,NAN,midsize sports cars,MY2008,143.0,120.0,166.0,,0.7071067811865475
Chevrolet Corvette 2-door,NAN,midsize sports cars,MY2008,69.0,56.0,82.0,,-0.7071067811865475
Honda Fit,NAN,mini station wagons/minivans,MY2008,63.0,49.0,77.0,,0.7071067811865475
Chevrolet Aveo,NAN,mini station wagons/minivans,MY2008,58.0,44.0,72.0,,-0.7071067811865475
Dodge Caliber,NAN,small station wagons/minivans,MY2008,39.0,31.0,47.0,,-1.1317995475355502
Kia Spectra5,NAN,small station wagons/minivans,MY2008,102.0,79.0,125.0,,1.5287740157010046
Chevrolet HHR,NAN,small station wagons/minivans,MY2008,73.0,63.0,82.0,,0.3040655500841778
Pontiac Vibe,NAN,small station wagons/minivans,MY2008,61.0,52.0,70.0,,-0.202710366722785
Toyota Matrix,NAN,small station wagons/minivans,MY2008,54.0,45.0,62.0,,-0.4983296515268466
Mazda 5,NAN,midsize station wagons/minivans,MY2008,67.0,44.0,89.0,,0.7071067811865475
Subaru Outback,NAN,midsize station wagons/minivans,MY2008,40.0,34.0,47.0,,-0.7071067811865475
Dodge Magnum Hemi,NAN,large station wagons/minivans,MY2008,66.0,46.0,87.0,,0.7071067811865476
Dodge Magnum,NAN,large station wagons/minivans,MY2008,40.0,31.0,48.0,,-0.7071067811865476
Nissan Quest,NAN,very large station wagons/minivans,MY2008,58.0,46.0,70.0,,1.1296721147692708
Pontiac Montana SV6,NAN,very large station wagons/minivans,MY2008,28.0,14.0,42.0,,-0.20590082880031044
Toyota Sienna,NAN,very large station wagons/minivans,MY2008,0.0,0.0,36.0,,-1.4524355761319194
Chrysler Town & Country,NAN,very large station wagons/minivans,MY2008,28.0,15.0,41.0,,-0.20590082880031044
Chevrolet Uplander,NAN,very large station wagons/minivans,MY2008,51.0,33.0,68.0,,0.8180384279363685
Honda Odyssey,NAN,very large station wagons/minivans,MY2008,17.0,14.0,20.0,,-0.6956109081091568
Kia Sedona,NAN,very large station wagons/minivans,MY2008,16.0,9.0,22.0,,-0.7401300062281428
Dodge Grand Caravan,NAN,very large station wagons/minivans,MY2008,63.0,42.0,84.0,,1.3522676053642009
Ford Ranger,2WD,small pickups,MY2008,81.0,71.0,91.0,,1.155605840071201
Chevrolet Colorado crew cab,2WD,small pickups,MY2008,60.0,50.0,70.0,,0.23893242021352862
Dodge Dakota extended cab,4WD,small pickups,MY2008,24.0,14.0,35.0,,-1.3325077281139097
Ford Ranger extended cab,2WD,small pickups,MY2008,75.0,65.0,85.0,,0.8936991486832946
Nissan Frontier extended cab,2WD,small pickups,MY2008,71.0,59.0,84.0,,0.7190946877580237
Toyota Tacoma crew cab,2WD,small pickups,MY2008,51.0,44.0,59.0,,-0.15392761686833098
Toyota Tacoma,2WD,small pickups,MY2008,61.0,50.0,72.0,,0.2825835354448463
Chevrolet Colorado crew cab,4WD,small pickups,MY2008,73.0,61.0,85.0,,0.8063969182206592
Chevrolet Colorado extended cab,2WD,small pickups,MY2008,93.0,78.0,108.0,,1.6794192228470137
Nissan Frontier crew cab,4WD,small pickups,MY2008,22.0,14.0,31.0,,-1.4198099585765451
Toyota Tacoma extended cab,2WD,small pickups,MY2008,42.0,35.0,50.0,,-0.5467876539501906
Dodge Dakota extended cab,2WD,small pickups,MY2008,41.0,31.0,51.0,,-0.5904387691815083
Dodge Dakota crew cab,4WD,small pickups,MY2008,20.0,14.0,26.0,,-1.5071121890391808
Chevrolet Colorado,2WD,small pickups,MY2008,57.0,47.0,67.0,,0.1079790745195754
Dodge Dakota crew cab,2WD,small pickups,MY2008,55.0,44.0,67.0,,0.020676844056939946
Toyota Tacoma crew cab,4WD,small pickups,MY2008,28.0,22.0,34.0,,-1.157903267188639
Ford Ranger extended cab,4WD,small pickups,MY2008,79.0,67.0,91.0,,1.0683036096085654
Toyota Tacoma extended cab,4WD,small pickups,MY2008,26.0,20.0,33.0,,-1.2452054976512743
Nissan Frontier crew cab,2WD,small pickups,MY2008,77.0,64.0,90.0,,0.98100137914593
Dodge Ram,2WD,large pickups,MY2008,36.0,26.0,46.0,,-0.7565984375294609
Ford F-150,2WD,large pickups,MY2008,65.0,59.0,71.0,,0.1885676105842656
Ford F-150 extended cab,4WD,large pickups,MY2008,55.0,50.0,60.0,,-0.13735171635150215
Nissan Titan crew cab,4WD,large pickups,MY2008,92.0,70.0,114.0,,1.0685497933108385
Ford F-150,4WD,large pickups,MY2008,62.0,50.0,74.0,,0.09079181250353527
Ford F-150 extended cab,2WD,large pickups,MY2008,59.0,53.0,65.0,,-0.006983985577195056
Toyota Tundra crew cab,2WD,large pickups,MY2008,23.0,15.0,31.0,,-1.180293562545959
Dodge Ram 1500 crew cab,4WD,large pickups,MY2008,40.0,33.0,47.0,,-0.6262307067551538
Nissan Titan crew cab,2WD,large pickups,MY2008,126.0,102.0,149.0,,2.1766755048924487
Ford F-150 crew cab,2WD,large pickups,MY2008,44.0,39.0,50.0,,-0.49586297598084667
Honda Ridgeline crew cab,4WD,large pickups,MY2008,27.0,20.0,33.0,,-1.0499258317716518
Nissan Titan extended cab,2WD,large pickups,MY2008,111.0,86.0,137.0,,1.6877965144887972
Ford F-150 crew cab,4WD,large pickups,MY2008,40.0,36.0,44.0,,-0.6262307067551538
Dodge Ram 1500 crew cab,2WD,large pickups,MY2008,49.0,41.0,57.0,,-0.3329033125129628
Dodge Ram 3500 crew cab,4WD,very large pickups,MY2008,59.0,51.0,68.0,,0.7071067811865476
Dodge Ram 2500 crew cab,4WD,very large pickups,MY2008,47.0,42.0,53.0,,-0.7071067811865476
Jeep Wrangler 2-door,4WD,midsize SUVs,MY2008,20.0,12.0,27.0,,-0.5279453449580483
Toyota RAV4,2WD,small SUVs,MY2008,34.0,22.0,45.0,,-0.11857254700948944
Toyota RAV4,4WD,small SUVs,MY2008,33.0,23.0,43.0,,-0.19103354795973312
Hyundai Tucson,4WD,small SUVs,MY2008,46.0,31.0,62.0,,0.7509594643934349
Honda CR-V,2WD,small SUVs,MY2008,22.0,14.0,30.0,,-0.9881045584124137
Honda CR-V,4WD,small SUVs,MY2008,7.0,3.0,11.0,,-2.075019572666069
Ford Escape,2WD,small SUVs,MY2008,42.0,25.0,58.0,,0.4611154605924601
Kia Sportage,2WD,small SUVs,MY2008,58.0,45.0,71.0,,1.620491475796359
Subaru Forester,4WD,small SUVs,MY2008,45.0,37.0,54.0,,0.6784984634431912
Kia Sportage,4WD,small SUVs,MY2008,41.0,24.0,59.0,,0.3886544596422164
Hyundai Tucson,2WD,small SUVs,MY2008,39.0,31.0,48.0,,0.24373245774172903
Dodge Nitro,4WD,midsize SUVs,MY2008,26.0,15.0,38.0,,-0.23997515679911288
Lexus RX 350,4WD,midsize luxury SUVs,MY2008,25.0,12.0,38.0,,0.39852669849304284
Acura MDX,4WD,midsize luxury SUVs,MY2008,11.0,3.0,19.0,,-1.4612645611411572
Lexus RX 400h,4WD,midsize SUVs,MY2008,12.0,3.0,21.0,,-0.911905595836629
Nissan Pathfinder,2WD,midsize SUVs,MY2008,60.0,48.0,72.0,,1.3918559094348548
Mazda CX-7,4WD,midsize SUVs,MY2008,32.0,18.0,46.0,,0.047995031359822575
Nissan Xterra,2WD,midsize SUVs,MY2008,72.0,55.0,89.0,,1.9677962857527256
Nissan Xterra,4WD,midsize SUVs,MY2008,27.0,17.0,37.0,,-0.1919801254392903
Volvo XC90,4WD,midsize luxury SUVs,MY2008,28.0,18.0,38.0,,0.7970533969860857
Jeep Grand Cherokee,4WD,midsize SUVs,MY2008,11.0,5.0,16.0,,-0.9599006271964515
Jeep Wrangler 4-door,4WD,midsize SUVs,MY2008,17.0,8.0,26.0,,-0.671930439037516
Ford Edge,4WD,midsize SUVs,MY2008,0.0,0.0,27.0,,-1.4878459721544999
BMW X3,4WD,midsize luxury SUVs,MY2008,24.0,15.0,33.0,,0.2656844656620286
Nissan Pathfinder,4WD,midsize SUVs,MY2008,31.0,23.0,39.0,,0.0
Mercedes-Benz M Class 4d,4WD,midsize SUVs,MY2008,14.0,7.0,22.0,,-0.8159155331169838
Ford Edge,2WD,midsize SUVs,MY2008,25.0,15.0,34.0,,-0.2879701881589355
Honda Pilot,4WD,midsize SUVs,MY2008,20.0,14.0,26.0,,-0.5279453449580483
Infiniti FX35,4WD,midsize SUVs,MY2008,46.0,22.0,70.0,,0.7199254703973387
Honda Pilot,2WD,midsize SUVs,MY2008,20.0,13.0,28.0,,-0.5279453449580483
Subaru B9 Tribeca,4WD,midsize SUVs,MY2008,62.0,39.0,84.0,,1.4878459721544999
Hyundai Santa Fe,2WD,small SUVs,MY2008,25.0,16.0,35.0,,-0.7707215555616826
Cadillac SRX,4WD,midsize SUVs,MY2008,63.0,48.0,78.0,,1.5358410035143224
Nissan Armada,4WD,large SUVs,MY2008,0.0,0.0,34.0,,-0.8731261537920098
Cadillac Escalade,4WD,large luxury SUVs,MY2008,33.0,19.0,47.0,,0.9683640522700835
Nissan Armada,2WD,large SUVs,MY2008,21.0,12.0,29.0,,1.091407692240012
Porsche Cayenne,4WD,large luxury SUVs,MY2008,28.0,13.0,43.0,,0.06052275326688002
Jeep Commander,4WD,large SUVs,MY2008,22.0,15.0,29.0,,1.1849569230034416
Land Rover Range Rover,4WD,large luxury SUVs,MY2008,22.0,6.0,37.0,,-1.0288868055369642
Land Rover Range Rover Sport,4WD,large SUVs,MY2008,0.0,0.0,33.0,,-0.8731261537920098
Land Rover LR3,4WD,large SUVs,MY2008,0.0,0.0,26.0,,-0.8731261537920098
Lexus GX 470,4WD,large SUVs,MY2008,13.0,7.0,20.0,,0.3430138461325752
Jaguar X-type,NAN,midsize luxury cars,MY2004,54.0,11.0,97.0,,1.4964079835914184
BMW 3 series 4-door,NAN,midsize luxury cars,MY2004,35.0,17.0,53.0,,0.1816448997423109
Volvo S60,NAN,midsize luxury cars,MY2004,34.0,7.0,61.0,,0.11244684269762104
Mercedes-Benz C-Class,NAN,midsize luxury cars,MY2004,24.0,8.0,40.0,,-0.5795337277492777
Infiniti G35,NAN,midsize luxury cars,MY2004,11.0,0.0,23.0,,-1.4791084693302459
BMW 3 series 2-door,NAN,midsize luxury cars,MY2004,35.0,3.0,66.0,,0.1816448997423109
Lexus ES series,NAN,midsize luxury cars,MY2004,18.0,4.0,33.0,,-0.9947220700174169
BMW 3 series convertible,NAN,midsize luxury cars,MY2004,48.0,5.0,92.0,,1.0812196413232793
Lincoln LS,NAN,large luxury cars,MY2004,53.0,26.0,81.0,,0.47444692861829485
Mercedes-Benz E-Class,NAN,large luxury cars,MY2004,14.0,0.0,31.0,,-1.2217008411921095
Lexus LS 430,NAN,large luxury cars,MY2004,30.0,12.0,47.0,,-0.525845345885277
Cadillac CTS,NAN,large luxury cars,MY2004,81.0,34.0,129.0,,1.6921940454052518
Lexus GS series,NAN,large luxury cars,MY2004,29.0,8.0,49.0,,-0.5693363143419541
Volvo V70 wagon,4WD,large luxury cars,MY2004,26.0,0.0,56.0,,-0.6998092197119852
Buick Park Avenue,NAN,large luxury cars,MY2004,85.0,49.0,121.0,,1.86615791923196
Volvo S80,NAN,large luxury cars,MY2004,29.0,0.0,59.0,,-0.5693363143419541
Cadillac Seville,NAN,large luxury cars,MY2004,30.0,5.0,56.0,,-0.525845345885277
Volvo V70 wagon,NAN,large luxury cars,MY2004,35.0,0.0,69.0,,-0.30839050360189185
Cadillac Deville,NAN,large luxury cars,MY2004,51.0,36.0,66.0,,0.38746499170494075
Lincoln Town Car,NAN,very large luxury cars,MY2004,91.0,44.0,139.0,,1.1470786693528088
BMW 7 series,NAN,very large luxury cars,MY2004,11.0,0.0,23.0,,-0.6882472016116853
Mercedes Benz S-Class,NAN,very large luxury cars,MY2004,21.0,5.0,38.0,,-0.4588314677411235
Mazda MX-5 Miata convertible,NAN,mini sports cars,MY2004,65.0,16.0,115.0,,
Mitsubishi Eclipse convertible,NAN,small sports cars,MY2004,146.0,78.0,214.0,,
Chevrolet Corvette,NAN,midsize sports cars,MY2004,81.0,42.0,119.0,,-0.9041148852501625
Ford Mustang,NAN,midsize sports cars,MY2004,150.0,122.0,177.0,,0.5672041497088282
Nissan 350Z,NAN,midsize sports cars,MY2004,193.0,110.0,276.0,,1.4841131135238512
Chevrolet Corvette convertible,NAN,midsize sports cars,MY2004,96.0,40.0,151.0,,-0.5842629211286428
Ford Mustang convertible,NAN,midsize sports cars,MY2004,97.0,65.0,129.0,,-0.5629394568538748
Ford Thunderbird convertible,NAN,large sports cars,MY2004,37.0,7.0,67.0,,
Pontiac Vibe,NAN,small station wagons/minivans,MY2004,62.0,20.0,105.0,,-0.5071664892015529
Ford Focus wagon,NAN,small station wagons/minivans,MY2004,101.0,54.0,147.0,,0.905654445002773
Toyota Matrix,NAN,small station wagons/minivans,MY2004,44.0,9.0,79.0,,-1.1592376896035494
Chrysler PT Cruiser,NAN,small station wagons/minivans,MY2004,97.0,77.0,117.0,,0.7607497338023294
Volkswagen Passat,NAN,midsize station wagons/minivans,MY2004,37.0,0.0,82.0,,-0.7071067811865476
Subaru Legacy,NAN,midsize station wagons/minivans,MY2004,50.0,30.0,70.0,,0.7071067811865476
Chevrolet Venture,NAN,large station wagons/minivans,MY2004,72.0,20.0,123.0,,0.060841163968309055
Dodge Caravan,NAN,large station wagons/minivans,MY2004,65.0,41.0,89.0,,-0.2585749468653146
Chevrolet Venture LWB,NAN,large station wagons/minivans,MY2004,63.0,37.0,89.0,,-0.3498366928177785
Ford Taurus,NAN,large station wagons/minivans,MY2004,91.0,29.0,153.0,,0.9278277505167162
Mazda MPV,NAN,large station wagons/minivans,MY2004,36.0,10.0,62.0,,-1.5818702631760413
Oldsmobile Silhouette,NAN,large station wagons/minivans,MY2004,97.0,44.0,149.0,,1.2016129883741078
Toyota Sienna,NAN,very large station wagons/minivans,MY2004,17.0,0.0,35.0,,-0.6692049433258027
Kia Sedona,NAN,very large station wagons/minivans,MY2004,35.0,9.0,62.0,,0.2817705024529695
Chrysler Town & Country,NAN,very large station wagons/minivans,MY2004,54.0,37.0,71.0,,1.2855779174416735
Dodge Grand Caravan,NAN,very large station wagons/minivans,MY2004,48.0,33.0,62.0,,0.9685861021820827
Honda Odyssey,NAN,very large station wagons/minivans,MY2004,17.0,6.0,28.0,,-0.6692049433258027
Chevrolet Astro,NAN,very large station wagons/minivans,MY2004,7.0,0.0,18.0,,-1.1975246354251206
Nissan Frontier,2WD,small pickups,MY2004,67.0,46.0,87.0,,-0.9901688532936641
Toyota Tacoma,2WD,small pickups,MY2004,96.0,73.0,118.0,,-0.13044140582311758
Dodge Dakota,4WD,small pickups,MY2004,62.0,41.0,83.0,,-1.1383977235472067
Ford Ranger,2WD,small pickups,MY2004,135.0,114.0,156.0,,1.025743782154514
Toyota Tacoma,4WD,small pickups,MY2004,85.0,61.0,109.0,,-0.4565449203809111
Dodge Dakota,2WD,small pickups,MY2004,103.0,77.0,129.0,,0.07707901253184193
Chevrolet T10,4WD,small pickups,MY2004,98.0,44.0,153.0,,-0.07114985772170057
Nissan Frontier,4WD,small pickups,MY2004,61.0,19.0,102.0,,-1.168043497597915
Mazda B series,2WD,small pickups,MY2004,147.0,89.0,205.0,,1.381493070763016
Ford Ranger,4WD,small pickups,MY2004,150.0,119.0,180.0,,1.4704303929151414
Ford F150,4WD,large pickups,MY2004,58.0,23.0,93.0,,-0.8253474948626707
GMC Sierra 1500,4WD,large pickups,MY2004,71.0,48.0,95.0,,-0.33391921547879033
Chevrolet Silverado 1500,4WD,large pickups,MY2004,85.0,72.0,99.0,,0.1953112392423116
Chevrolet Slvrdo 1500,2WD,large pickups,MY2004,106.0,91.0,120.0,,0.9891569213239645
Toyota Tundra,4WD,large pickups,MY2004,65.0,40.0,89.0,,-0.5607322675021197
Ford F150 Heritage,2WD,large pickups,MY2004,119.0,103.0,136.0,,1.4805852007078448
GMC Sierra 1500,2WD,large pickups,MY2004,82.0,59.0,106.0,,0.08190471323064691
Toyota Tundra,2WD,large pickups,MY2004,69.0,44.0,93.0,,-0.4095235661532335
Dodge Ram 1500,2WD,large pickups,MY2004,99.0,78.0,120.0,,0.7245416939634135
Ford F150,2WD,large pickups,MY2004,40.0,10.0,71.0,,-1.505786650932659
Dodge Ram 1500,4WD,large pickups,MY2004,46.0,30.0,62.0,,-1.2789735989093296
Ford F150 Heritage,4WD,large pickups,MY2004,118.0,95.0,141.0,,1.4427830253706233
Ford F350,4WD,very large pickups,MY2004,103.0,79.0,128.0,,1.1398171568040496
Ford F250,4WD,very large pickups,MY2004,122.0,101.0,143.0,,1.8647217920936543
GMC Sierra 2500,4WD,very large pickups,MY2004,53.0,32.0,74.0,,-0.7678266202738576
Ford F350,2WD,very large pickups,MY2004,50.0,15.0,85.0,,-0.882285246898532
Chevrolet Slvrdo 2500,4WD,very large pickups,MY2004,72.0,57.0,88.0,,-0.04292198498425291
Dodge Ram 2500,4WD,very large pickups,MY2004,73.0,39.0,108.0,,-0.004769109442694768
Chevrolet Silverado 2500,2WD,very large pickups,MY2004,56.0,34.0,78.0,,-0.6533679936491832
Ford F250,2WD,very large pickups,MY2004,56.0,36.0,77.0,,-0.6533679936491832
Honda CR-V,2WD,small SUVs,MY2004,49.0,1.0,96.0,,-0.8415688066738409
Chevrolet Tracker,4WD,small SUVs,MY2004,132.0,73.0,191.0,,2.5593777940792477
Honda Element,4WD,small SUVs,MY2004,49.0,0.0,98.0,,-0.8415688066738409
Honda CR-V,4WD,small SUVs,MY2004,67.0,40.0,95.0,,-0.10401412217317116
Subaru Forester,4WD,small SUVs,MY2004,53.0,8.0,98.0,,-0.6776677656736921
Mazda Tribute,2WD,small SUVs,MY2004,85.0,31.0,140.0,,0.6335405623274987
Saturn Vue,4WD,small SUVs,MY2004,65.0,19.0,112.0,,-0.18596464267324558
Saturn Vue,2WD,small SUVs,MY2004,73.0,29.0,118.0,,0.14183743932705212
Mazda Tribute,4WD,small SUVs,MY2004,44.0,9.0,79.0,,-1.046445107924027
Ford Escape,4WD,small SUVs,MY2004,65.0,42.0,88.0,,-0.18596464267324558
Ford Escape,2WD,small SUVs,MY2004,84.0,54.0,115.0,,0.5925653020774614
Hyundai Santa Fe,2WD,small SUVs,MY2004,47.0,9.0,86.0,,-0.9235193271739154
Jeep Wrangler,4WD,small SUVs,MY2004,91.0,62.0,120.0,,0.8793921238277219
Buick Rendezvous,4WD,midsize SUVs,MY2004,51.0,5.0,97.0,,-0.56221184911643
Nissan Pathfinder,2WD,midsize SUVs,MY2004,64.0,25.0,102.0,,-0.2930278276086751
Jeep Grand Cherokee,2WD,midsize SUVs,MY2004,68.0,39.0,98.0,,-0.21020197483705813
Toyota 4Runner,4WD,midsize SUVs,MY2004,13.0,0.0,28.0,,-1.3490574504467905
Land Rover Discovery,4WD,midsize SUVs,MY2004,111.0,44.0,177.0,,0.6801759424578235
Lexus RX 330,4WD,midsize SUVs,MY2004,28.0,7.0,49.0,,-1.0384605025532272
Isuzu Rodeo,2WD,midsize SUVs,MY2004,131.0,66.0,195.0,,1.0943052063159082
Nissan Pathfinder,4WD,midsize SUVs,MY2004,36.0,15.0,57.0,,-0.8728087970099934
Ford Explorer,4WD,midsize SUVs,MY2004,47.0,33.0,62.0,,-0.6450377018880469
Toyota Highlander,2WD,midsize SUVs,MY2004,30.0,10.0,50.0,,-0.9970475761674188
Chevrolet Trailblazer,2WD,midsize SUVs,MY2004,102.0,49.0,155.0,,0.49381777372168556
Chevrolet Blazer,2WD,midsize SUVs,MY2004,123.0,52.0,194.0,,0.9286535007726743
GMC Envoy,4WD,midsize SUVs,MY2004,88.0,25.0,150.0,,0.2039272890210264
Mercedes-Benz M-Class,4WD,midsize SUVs,MY2004,14.0,0.0,30.0,,-1.3283509872538863
Ford Explorer,2WD,midsize SUVs,MY2004,57.0,35.0,79.0,,-0.43797306995900465
Mitsubishi Montero Sport,4WD,midsize SUVs,MY2004,127.0,61.0,194.0,,1.0114793535442912
Mitsubishi Montero Sport,2WD,midsize SUVs,MY2004,146.0,84.0,208.0,,1.4049021542094715
Toyota Highlander,4WD,midsize SUVs,MY2004,14.0,4.0,25.0,,-1.3283509872538863
Suzuki Grand Vitara XL-7,4WD,midsize SUVs,MY2004,78.0,25.0,131.0,,-0.0031373429080158812
Jeep Grand Cherokee,4WD,midsize SUVs,MY2004,57.0,42.0,72.0,,-0.43797306995900465
Buick Rendezvous,2WD,midsize SUVs,MY2004,76.0,12.0,140.0,,-0.044550269293824336
Jeep Liberty,2WD,midsize SUVs,MY2004,115.0,57.0,173.0,,0.7630017952294404
Nissan Xterra,2WD,midsize SUVs,MY2004,82.0,45.0,118.0,,0.07968850986360103
Nissan Xterra,4WD,midsize SUVs,MY2004,59.0,30.0,89.0,,-0.3965601435731962
Ford Explorer Sport Trac,4WD,midsize SUVs,MY2004,119.0,71.0,167.0,,0.8458276480010574
Jeep Liberty,4WD,midsize SUVs,MY2004,46.0,27.0,65.0,,-0.6657441650809511
Ford Explorer Sport Trac,2WD,midsize SUVs,MY2004,113.0,77.0,149.0,,0.721588868843632
Chevrolet Trailblazer,4WD,midsize SUVs,MY2004,108.0,66.0,150.0,,0.6180565528791109
Chevrolet Blazer,4WD,midsize SUVs,MY2004,119.0,84.0,155.0,,0.8458276480010574
BMW X5,4WD,midsize luxury SUVs,MY2004,19.0,3.0,35.0,,
Lexus RX 330,2WD,midsize SUVs,MY2004,18.0,0.0,37.0,,-1.2455251344822695
Honda Pilot,4WD,midsize SUVs,MY2004,19.0,0.0,38.0,,-1.2248186712893652
Mercury Mountaineer,4WD,midsize SUVs,MY2004,88.0,42.0,133.0,,0.2039272890210264
Chevrolet Suburban,4WD,large SUVs,MY2004,66.0,43.0,89.0,,0.7083186638883086
Chevrolet Suburban,2WD,large SUVs,MY2004,90.0,56.0,124.0,,1.6905205444800966
Chevrolet Avalanche 1500,4WD,large SUVs,MY2004,21.0,0.0,54.0,,-1.1333098622212938
Chevrolet Trailblazer EXT,4WD,large SUVs,MY2004,39.0,0.0,79.0,,-0.39665845177745285
Ford Expedition,2WD,large SUVs,MY2004,49.0,21.0,77.0,,0.012592331802458775
Cadillac Escalade,4WD,large luxury SUVs,MY2004,58.0,23.0,93.0,,
Toyota Sequoia,2WD,large SUVs,MY2004,18.0,0.0,40.0,,-1.2560850972952673
Infiniti QX56,4WD,large SUVs,MY2004,21.0,0.0,54.0,,-1.1333098622212938
Chevrolet Tahoe,4WD,large SUVs,MY2004,51.0,21.0,81.0,,0.0944424885184411
GMC Yukon,4WD,large SUVs,MY2004,92.0,39.0,145.0,,1.7723707011960788
Chevrolet Tahoe,2WD,large SUVs,MY2004,60.0,22.0,97.0,,0.4627681937403616
Ford Expedition,4WD,large SUVs,MY2004,31.0,8.0,54.0,,-0.7240590786413822
GMC Yukon XL,4WD,large SUVs,MY2004,59.0,2.0,116.0,,0.4218431153823704
Toyota Sequoia,4WD,large SUVs,MY2004,36.0,9.0,63.0,,-0.5194336868514263
Ford Excursion,4WD,very large SUVs,MY2004,115.0,50.0,180.0,,
Saab 9-5,NAN,midsize luxury cars,MY2002,46.0,3.0,88.0,,0.5068532453425003
BMW 3 series,NAN,midsize luxury cars,MY2002,34.0,16.0,52.0,,-1.151939193960229
Acura TL,NAN,midsize luxury cars,MY2002,47.0,24.0,69.0,,0.6450859486177277
Lincoln Continental,NAN,large luxury cars,MY2002,46.0,14.0,77.0,,0.27551843011411964
Cadillac DeVille,NAN,large luxury cars,MY2002,26.0,13.0,40.0,,-0.8516024203527341
BMW 5 series,NAN,large luxury cars,MY2002,38.0,12.0,64.0,,-0.1753299100726219
Jaguar S-type,NAN,large luxury cars,MY2002,68.0,14.0,123.0,,1.5153513656276587
Mercedes E class,NAN,large luxury cars,MY2002,10.0,0.0,22.0,,-1.753299100726217
Volvo S80,NAN,large luxury cars,MY2002,45.0,14.0,76.0,,0.21916238759077694
Buick Park Avenue,NAN,large luxury cars,MY2002,60.0,38.0,83.0,,1.0645030254409173
Lincoln LS,NAN,large luxury cars,MY2002,48.0,21.0,75.0,,0.38823051516080503
Cadillac Eldorado,NAN,large luxury cars,MY2002,29.0,3.0,54.0,,-0.682534292782706
Mercedes S class,NAN,very large luxury cars,MY2002,25.0,6.0,44.0,,-0.7071067811865475
Lincoln Town Car,NAN,very large luxury cars,MY2002,62.0,45.0,79.0,,0.7071067811865475
Mazda Miata,NAN,mini sports cars,MY2002,80.0,37.0,122.0,,
BMW Z3 Roadster convertible,NAN,small sports cars,MY2002,58.0,12.0,103.0,,
Chevrolet Camaro,NAN,midsize sports cars,MY2002,186.0,139.0,233.0,,0.598884066986913
Ford Mustang,NAN,midsize sports cars,MY2002,140.0,115.0,165.0,,-0.30435091928843117
Pontiac Firebird,NAN,midsize sports cars,MY2002,205.0,147.0,263.0,,0.9719593874049899
Ford Mustang convertible,NAN,midsize sports cars,MY2002,91.0,60.0,123.0,,-1.2664925351034717
Ford Focus,NAN,small station wagons/minivans,MY2002,62.0,25.0,99.0,,
Subaru Legacy,NAN,midsize station wagons/minivans,MY2002,54.0,28.0,79.0,,
Ford Taurus,NAN,large station wagons/minivans,MY2002,82.0,40.0,124.0,,
Nissan Quest,NAN,very large station wagons/minivans,MY2002,26.0,2.0,51.0,,-0.890210044190172
Chevrolet Astro,2WD,very large station wagons/minivans,MY2002,37.0,14.0,59.0,,-0.292557291517897
Honda Odyssey,NAN,very large station wagons/minivans,MY2002,19.0,8.0,31.0,,-1.270534523163438
Mazda MPV,NAN,very large station wagons/minivans,MY2002,53.0,18.0,87.0,,0.5767558032781395
Ford Windstar,NAN,very large station wagons/minivans,MY2002,41.0,30.0,53.0,,-0.07522901781888788
Chevrolet Venture,2WD,very large station wagons/minivans,MY2002,52.0,8.0,97.0,,0.5224237348533871
Chevrolet Astro,4WD,very large station wagons/minivans,MY2002,66.0,9.0,122.0,,1.283072692799919
Dodge Grand Caravan,2WD,very large station wagons/minivans,MY2002,52.0,24.0,81.0,,0.5224237348533871
Toyota Sienna,NAN,very large station wagons/minivans,MY2002,32.0,17.0,47.0,,-0.5642176336416583
Dodge Caravan,NAN,very large station wagons/minivans,MY2002,83.0,34.0,131.0,,2.206717856020708
Chrysler Town & Country,2WD,very large station wagons/minivans,MY2002,38.0,13.0,62.0,,-0.23822522309314473
GMC Safari,2WD,very large station wagons/minivans,MY2002,31.0,0.0,66.0,,-0.6185497020664107
Mercury Villager,NAN,very large station wagons/minivans,MY2002,21.0,3.0,39.0,,-1.1618703863139335
Mazda B series,2WD,small pickups,MY2002,185.0,95.0,274.0,,1.7200831198112172
Dodge Dakota crew cab,4WD,small pickups,MY2002,77.0,36.0,119.0,,-0.9218409534317603
Chevrolet S10,2WD,small pickups,MY2002,182.0,148.0,216.0,,1.6466963399989123
GMC Sonoma,2WD,small pickups,MY2002,126.0,60.0,191.0,,0.2768097835025536
Toyota Tacoma,2WD,small pickups,MY2002,108.0,67.0,149.0,,-0.16351089537127603
Ford Ranger super cab,4WD,small pickups,MY2002,154.0,127.0,181.0,,0.9617530617507329
Chevrolet S10 ext cab,4WD,small pickups,MY2002,109.0,70.0,148.0,,-0.13904863543384105
Dodge Dakota club cab,2WD,small pickups,MY2002,58.0,36.0,80.0,,-1.386623892243025
Chevrolet S10 ext cab,2WD,small pickups,MY2002,137.0,108.0,165.0,,0.5458946428143383
Toyota Tacoma ext cab,4WD,small pickups,MY2002,83.0,56.0,111.0,,-0.7750673938071505
Ford Ranger super cab,2WD,small pickups,MY2002,110.0,86.0,133.0,,-0.11458637549640607
Nissan Frontier crew cab,2WD,small pickups,MY2002,72.0,30.0,113.0,,-1.0441522531189353
Dodge Dakota crew cab,2WD,small pickups,MY2002,118.0,53.0,183.0,,0.08111170400307374
Dodge Dakota,2WD,small pickups,MY2002,153.0,97.0,209.0,,0.9372908018132979
Toyota Tacoma ext cab,2WD,small pickups,MY2002,81.0,51.0,111.0,,-0.8239919136820204
Nissan Frontier king cab,2WD,small pickups,MY2002,77.0,47.0,108.0,,-0.9218409534317603
GMC Sonoma ext cab,2WD,small pickups,MY2002,154.0,92.0,216.0,,0.9617530617507329
Ford Ranger,2WD,small pickups,MY2002,146.0,120.0,172.0,,0.7660549822512531
Dodge Dakota club cab,4WD,small pickups,MY2002,49.0,25.0,73.0,,-1.6067842316799397
Ford Explorer Sport Trac,2WD,midsize pickups,MY2002,93.0,35.0,151.0,,
Chevrolet Silverado 1500,2WD,large pickups,MY2002,153.0,122.0,185.0,,2.0768408522820554
Ford F-150,4WD,large pickups,MY2002,108.0,65.0,151.0,,0.19007426373510056
Toyota Tundra access cab,2WD,large pickups,MY2002,62.0,31.0,92.0,,-1.738620471224009
Ford F-150 super cab,2WD,large pickups,MY2002,105.0,88.0,123.0,,0.0642898244986369
Ford F-150 crew cab,4WD,large pickups,MY2002,120.0,76.0,163.0,,0.6932120206809552
Chevrolet Silverado 1500,4WD,large pickups,MY2002,125.0,91.0,159.0,,0.9028527527417279
Ford F-150 super cab,4WD,large pickups,MY2002,114.0,92.0,136.0,,0.4416431422080279
GMC Sierra 1500 ext cab,4WD,large pickups,MY2002,71.0,49.0,92.0,,-1.361267153514618
Ford F-150 crew cab,2WD,large pickups,MY2002,111.0,68.0,154.0,,0.3158587029715642
Chevrolet Silverado 1500 ext cab,2WD,large pickups,MY2002,84.0,67.0,102.0,,-0.8162012501566087
Chevrolet Silverado 1500 ext cab,4WD,large pickups,MY2002,90.0,75.0,105.0,,-0.5646323716836814
Ford F-150,2WD,large pickups,MY2002,131.0,106.0,156.0,,1.1544216312146554
GMC Sierra 1500 ext cab,2WD,large pickups,MY2002,98.0,66.0,131.0,,-0.229207200386445
GMC Sierra 1500,2WD,large pickups,MY2002,97.0,58.0,137.0,,-0.2711353467985995
Toyota Tundra access cab,4WD,large pickups,MY2002,83.0,42.0,124.0,,-0.8581293965687633
Dodge Ram 2500 club cab,2WD,very large pickups,MY2002,96.0,52.0,140.0,,0.5475332060951924
Ford F-250,4WD,very large pickups,MY2002,114.0,70.0,158.0,,1.2290373030434636
Chevrolet Silverado 2500,4WD,very large pickups,MY2002,66.0,26.0,106.0,,-0.5883069554852596
Ford F-350 crew cab,2WD,very large pickups,MY2002,58.0,21.0,94.0,,-0.8911976652400467
Chevrolet Silverado 2500 ext cab,4WD,very large pickups,MY2002,82.0,54.0,110.0,,0.017474464024314854
Ford F-250 crew cab,2WD,very large pickups,MY2002,40.0,10.0,71.0,,-1.572701762188318
Ford F-250 super cab,2WD,very large pickups,MY2002,58.0,35.0,81.0,,-0.8911976652400467
Ford F-250,2WD,very large pickups,MY2002,45.0,18.0,72.0,,-1.383395068591576
Ford F-250 crew cab,4WD,very large pickups,MY2002,80.0,50.0,111.0,,-0.058248213414381945
Dodge Ram 2500 club cab,4WD,very large pickups,MY2002,119.0,88.0,150.0,,1.4183439966402056
Ford F-350 crew cab,4WD,very large pickups,MY2002,112.0,80.0,143.0,,1.1533146256047668
Ford F-250 super cab,4WD,very large pickups,MY2002,96.0,73.0,119.0,,0.5475332060951924
Ford F-350 super cab,4WD,very large pickups,MY2002,94.0,49.0,140.0,,0.47181052865649564
Ford Escape,2WD,small SUVs,MY2002,86.0,28.0,143.0,,-0.5496912761425025
Jeep Wrangler,4WD,small SUVs,MY2002,99.0,71.0,127.0,,-0.32243375208358804
Chevrolet Tracker 4dr,4WD,small SUVs,MY2002,183.0,109.0,258.0,,1.14599948029709
Kia Sportage 4dr,4WD,small SUVs,MY2002,162.0,91.0,233.0,,0.7788911722019206
Ford Escape,4WD,small SUVs,MY2002,115.0,58.0,173.0,,-0.04273218401107791
Toyota RAV4,4WD,small SUVs,MY2002,18.0,0.0,39.0,,-1.7384229404506706
Kia Sportage 4dr,2WD,small SUVs,MY2002,197.0,106.0,287.0,,1.3907383523605366
Subaru Forester,4WD,small SUVs,MY2002,70.0,35.0,105.0,,-0.8293928442150126
Suzuki Grand Vitara,4WD,small SUVs,MY2002,127.0,56.0,197.0,,0.1670439920433047
Dodge Durango,4WD,large SUVs,MY2002,49.0,34.0,65.0,,-0.6899703982931479
Mitsubishi Montero Sport,4WD,midsize SUVs,MY2002,89.0,36.0,143.0,,-0.07992172960065103
BMW X5,4WD,midsize luxury SUVs,MY2002,33.0,0.0,74.0,,-0.7071067811865476
Toyota 4Runner,4WD,midsize SUVs,MY2002,12.0,0.0,29.0,,-1.2818696161729408
Chevrolet Blazer 4dr,2WD,midsize SUVs,MY2002,190.0,127.0,254.0,,1.49665926447469
Mitsubishi Montero Sport,2WD,midsize SUVs,MY2002,121.0,69.0,173.0,,0.4195890804034174
Chevrolet Blazer 2dr,4WD,midsize SUVs,MY2002,98.0,53.0,142.0,,0.06056568571299323
Ford Explorer 4dr,4WD,midsize SUVs,MY2002,56.0,19.0,93.0,,-0.5950422524173467
Jeep Grand Cherokee,2WD,midsize SUVs,MY2002,89.0,57.0,121.0,,-0.07992172960065103
Isuzu Trooper,4WD,midsize SUVs,MY2002,47.0,16.0,78.0,,-0.7355296677309908
Isuzu Rodeo,2WD,midsize SUVs,MY2002,132.0,84.0,180.0,,0.5912959213423159
Acura MDX,4WD,midsize luxury SUVs,MY2002,36.0,7.0,65.0,,0.7071067811865476
GMC Jimmy,4WD,midsize SUVs,MY2002,95.0,56.0,134.0,,0.013736547275111812
Ford Explorer 2dr,2WD,midsize SUVs,MY2002,187.0,136.0,239.0,,1.4498301260368085
Chevrolet Trailblazer,4WD,midsize SUVs,MY2002,86.0,20.0,152.0,,-0.12675086803853244
Lexus RX 300,4WD,midsize SUVs,MY2002,17.0,0.0,36.0,,-1.203821052109805
Nissan Xterra,4WD,midsize SUVs,MY2002,48.0,16.0,79.0,,-0.7199199549183637
Nissan Pathfinder,2WD,midsize SUVs,MY2002,40.0,8.0,72.0,,-0.8447976574193808
Ford Exporer 4dr,2WD,midsize SUVs,MY2002,57.0,8.0,106.0,,-0.5794325396047195
Chevrolet Blazer 4dr,4WD,midsize SUVs,MY2002,101.0,77.0,125.0,,0.10739482415087465
Dodge Durango,2WD,large SUVs,MY2002,42.0,18.0,66.0,,-1.1778282556721416
Isuzu Rodeo,4WD,midsize SUVs,MY2002,60.0,17.0,103.0,,-0.532603401166838
Jeep Grand Cherokee,4WD,midsize SUVs,MY2002,55.0,42.0,68.0,,-0.6106519652299738
Nissan Pathfinder,4WD,midsize SUVs,MY2002,25.0,11.0,39.0,,-1.078943349608788
Chevrolet Blazer 2dr,2WD,midsize SUVs,MY2002,308.0,190.0,426.0,,3.3386053763646926
Nissan Xterra,2WD,midsize SUVs,MY2002,101.0,50.0,152.0,,0.10739482415087465
Jeep Liberty,4WD,midsize SUVs,MY2002,86.0,27.0,145.0,,-0.12675086803853244
Ford Explorer 2dr,4WD,midsize SUVs,MY2002,134.0,87.0,181.0,,0.6225153469675703
Land Rover Discovery Series II,4WD,midsize SUVs,MY2002,119.0,53.0,184.0,,0.38836965477816315
Chevrolet Suburban 1/2 ton,4WD,large SUVs,MY2002,47.0,22.0,73.0,,-0.829358357544289
GMC Yukon,4WD,large SUVs,MY2002,52.0,8.0,96.0,,-0.4808884594164364
Chevrolet Suburban 1/2 ton,2WD,large SUVs,MY2002,73.0,26.0,120.0,,0.9826851127205443
GMC Yukon XL,4WD,large SUVs,MY2002,51.0,10.0,91.0,,-0.5505824390420069
Chevrolet Tahoe,4WD,large SUVs,MY2002,75.0,43.0,106.0,,1.1220730719716854
Ford Expedition,4WD,large SUVs,MY2002,50.0,33.0,67.0,,-0.6202764186675774
Ford Expedition,2WD,large SUVs,MY2002,66.0,46.0,86.0,,0.4948272553415507
Chevrolet Tahoe,2WD,large SUVs,MY2002,84.0,45.0,123.0,,1.7493188886018198
Ford Excursion,4WD,very large SUVs,MY2002,107.0,41.0,173.0,,
Chevrolet Blazer,2WD,midsize SUVs,MY2004,232.0,146.0,318.0,,3.185657988799235
