direction,term,coef,ci_lo,ci_hi,p_value,n,note,placebo
frontal,Intercept,-8.506904220038255,-9.155376943688719,-7.858431496387791,8.686743416227154e-146,15168.0,,False
frontal,C(cls)[T.large pickups],0.8394221314022532,0.46314696502539876,1.2156972977791076,1.2287074101567474e-05,15168.0,,False
frontal,C(cls)[T.midsize SUVs],0.4491415209149512,0.04369544861818436,0.854587593211718,0.02991667370168094,15168.0,,False
frontal,C(cls)[T.midsize cars],1.3218417779781633,0.9448877782397358,1.6987957777165907,6.291536443177697e-12,15168.0,,False
frontal,C(cls)[T.midsize luxury SUVs],0.07253089758900913,-0.41425574315107894,0.5593175383290973,0.7702611038402036,15168.0,,False
frontal,C(cls)[T.midsize luxury cars],0.38158944410294066,-0.06380312824963086,0.8269820164555122,0.0931137894420921,15168.0,,False
frontal,C(cls)[T.midsize station wagons/minivans],1.245799930006957,0.6566778103284903,1.834922049685424,3.4028774436803037e-05,15168.0,,False
frontal,C(cls)[T.mini cars],1.3732803836987404,0.946283701366569,1.8002770660309118,2.909695943827067e-10,15168.0,,False
frontal,C(cls)[T.mini station wagons/minivans],-0.10437799895504601,-0.9351862796963191,0.7264302817862271,0.8054974894245294,15168.0,,False
frontal,C(cls)[T.small SUVs],0.8899755965966502,0.5065571238647573,1.273394069328543,5.380168187134813e-06,15168.0,,False
frontal,C(cls)[T.small cars],1.0674948747314317,0.6849796313073784,1.450010118155485,4.507455683561605e-08,15168.0,,False
frontal,C(cls)[T.small pickups],0.787134487401596,0.39291375020740227,1.1813552245957897,9.099429974502061e-05,15168.0,,False
frontal,C(cls)[T.small station wagons/minivans],1.656066595690157,1.245452413877298,2.066680777503016,2.6832268024775816e-15,15168.0,,False
frontal,C(cls)[T.very large station wagons/minivans],1.0762548787771111,0.6854353835115378,1.4670743740426846,6.760230048972945e-08,15168.0,,False
frontal,C(driver_sex)[T.2.0],-0.7178452137312981,-0.7867763822090452,-0.6489140452535509,1.3365616707506488e-92,15168.0,,False
frontal,C(road_class)[T.urban],-0.5991054084540254,-0.6631995065903558,-0.535011310317695,5.696646019363159e-75,15168.0,,False
frontal,small_overlap_driver,0.0065282080466225675,-0.10824250079230119,0.12129891688554634,0.9112328638964949,15168.0,,False
frontal,small_overlap_passenger,0.013506010471793554,-0.034540906951538705,0.061552927895125814,0.5816701628599118,15168.0,,False
frontal,driver_age,0.01934727286652526,0.017555471930100913,0.021139073802949607,2.092769067916038e-99,15168.0,,False
frontal,n_vehicles,-0.3333982176390685,-0.3956913781970567,-0.27110505708108035,9.613866773601749e-26,15168.0,,False
frontal,speed_limit,0.05032533421215278,0.04820675854074876,0.0524439098835568,0.0,15168.0,,False
left_side,Intercept,-10.768795604123943,-12.221043141211645,-9.31654806703624,7.416556809518845e-48,1106.0,,False
left_side,C(cls)[T.large luxury cars],-21.6461694128369,-22.55667401784231,-20.73566480783149,0.0,1106.0,,False
left_side,C(cls)[T.large pickups],1.9079195830493105,0.8060608955341078,3.0097782705645133,0.0006893785903014008,1106.0,,False
left_side,C(cls)[T.midsize SUVs],1.6528491717280716,0.6687730935540244,2.6369252499021187,0.0009949687988552254,1106.0,,False
left_side,C(cls)[T.midsize cars],2.788648781575183,1.8160571881165035,3.7612403750338625,1.9131414250724096e-08,1106.0,,False
left_side,C(cls)[T.midsize luxury SUVs],1.3935123398431897,0.06840834792072936,2.71861633176565,0.03928902666363559,1106.0,,False
left_side,C(cls)[T.midsize station wagons/minivans],3.031774654866226,0.8879093459385414,5.175639963793911,0.005576299306266348,1106.0,,False
left_side,C(cls)[T.small SUVs],1.903188281125181,0.9761827927195605,2.8301937695308013,5.724141698071861e-05,1106.0,,False
left_side,C(cls)[T.small cars],0.8654889347260187,-0.2909781312416432,2.0219560006936805,0.14242547004882278,1106.0,,False
left_side,C(cls)[T.small pickups],0.531870819300503,-0.5269045093360224,1.5906461479370284,0.32483105016228975,1106.0,,False
left_side,C(cls)[T.small station wagons/minivans],0.9573306412828801,-0.4540114018718888,2.368672684437649,0.18369373440288783,1106.0,,False
left_side,C(cls)[T.very large station wagons/minivans],-20.702164092045326,-21.58925009133166,-19.81507809275899,0.0,1106.0,,False
left_side,C(driver_sex)[T.2.0],0.2888927670480302,0.0707588630981312,0.5070266709979292,0.009438680510280288,1106.0,,False
left_side,C(road_class)[T.urban],-0.498953125649174,-0.7421132541085819,-0.2557929971897661,5.776643453734864e-05,1106.0,,False
left_side,side_updated,0.08426540330969308,-0.08431919318049867,0.2528499997998848,0.327249379059695,1106.0,,False
left_side,driver_age,0.04584256817812947,0.03821494070957941,0.05347019564667953,4.977631198588672e-32,1106.0,,False
left_side,n_vehicles,-0.2168834182883688,-0.5170701750271438,0.08330333845040624,0.1567567386485225,1106.0,,False
left_side,speed_limit,0.03210951612210743,0.025210621721590408,0.03900841052262446,7.357507595176699e-20,1106.0,,False
rollover,,,,,,,no usable (discriminating) tests,False
frontal,Intercept,-8.174857950176271,-8.57785487149605,-7.771861028856493,0.0,8485.0,,True
frontal,C(cls)[T.large luxury cars],-1.6008927518543306,-3.5721447197577465,0.37035921604908517,0.11144638323743802,8485.0,,True
frontal,C(cls)[T.large pickups],0.527258582041119,0.26184733135247,0.7926698327297679,9.876349177730919e-05,8485.0,,True
frontal,C(cls)[T.midsize SUVs],-0.03810296492390782,-0.28477139506860827,0.20856546522079264,0.7620755340712205,8485.0,,True
frontal,C(cls)[T.midsize cars],0.5127403763821736,0.26562207663703463,0.7598586761273126,4.768630999272267e-05,8485.0,,True
frontal,C(cls)[T.midsize luxury SUVs],-0.2113047551260308,-0.6951200339707855,0.2725105237187238,0.3919933994572379,8485.0,,True
frontal,C(cls)[T.midsize station wagons/minivans],0.8400363464759244,0.3532653040404241,1.3268073889114247,0.0007186262945879903,8485.0,,True
frontal,C(cls)[T.small SUVs],0.41139944948123186,0.19679383165715245,0.6260050673053112,0.00017178718446209473,8485.0,,True
frontal,C(cls)[T.small cars],0.5168400208481837,0.27332438484009364,0.7603556568562737,3.184606311580974e-05,8485.0,,True
frontal,C(cls)[T.small pickups],0.2664954203169278,0.050166209570395304,0.4828246310634603,0.015757913368180748,8485.0,,True
frontal,C(cls)[T.small station wagons/minivans],0.18459527502692313,-0.2158712884821372,0.5850618385359835,0.3662890026652985,8485.0,,True
frontal,C(cls)[T.very large station wagons/minivans],0.021965892193839705,-0.3428305223847471,0.3867623067724265,0.9060537988915127,8485.0,,True
frontal,C(driver_sex)[T.2.0],-0.694768162995914,-0.7823762911786605,-0.6071600348131676,1.766116396006642e-54,8485.0,,True
frontal,C(road_class)[T.urban],-0.4642018660707032,-0.5501635860548166,-0.3782401460865898,3.5353133793552555e-26,8485.0,,True
frontal,side_updated,-0.1464781623655788,-0.20636754228885162,-0.086588782442306,1.6373031030968427e-06,8485.0,,True
frontal,driver_age,0.021234832120124694,0.01886364469391129,0.0236060195463381,5.724115008648253e-69,8485.0,,True
frontal,n_vehicles,-0.1778319585590604,-0.2536822347946822,-0.10198168232343859,4.324151848714997e-06,8485.0,,True
frontal,speed_limit,0.05623390988892831,0.05341450842601848,0.059053311351838146,0.0,8485.0,,True
left_side,Intercept,-8.900854132150132,-11.393575490830907,-6.408132773469356,2.5868544016208424e-12,1946.0,,True
left_side,C(cls)[T.large pickups],0.9436186136208741,-0.06890478278948586,1.956142010031234,0.06776242076687582,1946.0,,True
left_side,C(cls)[T.midsize SUVs],-0.002084720555760609,-1.1541635160466084,1.1499940749350872,0.9971702184715661,1946.0,,True
left_side,C(cls)[T.midsize cars],1.769726821581401,0.7743574696162357,2.7650961735465662,0.0004926201999631496,1946.0,,True
left_side,C(cls)[T.midsize luxury SUVs],-0.24605907060097432,-1.642812716554304,1.1506945753523556,0.729886131805386,1946.0,,True
left_side,C(cls)[T.midsize luxury cars],-0.10323638399335378,-1.3508256851306966,1.1443529171439892,0.8711605985379705,1946.0,,True
left_side,C(cls)[T.midsize station wagons/minivans],2.6320029384742423,0.4724505287056351,4.7915553482428495,0.016905798761314587,1946.0,,True
left_side,C(cls)[T.mini cars],1.4229469056850619,0.222989669674712,2.622904141695412,0.0201154881022934,1946.0,,True
left_side,C(cls)[T.mini station wagons/minivans],0.8928199674910274,-0.8078741491066365,2.5935140840886914,0.3035126296278695,1946.0,,True
left_side,C(cls)[T.small SUVs],1.2502513913808109,0.23894308256893648,2.2615597001926853,0.015390929631813093,1946.0,,True
left_side,C(cls)[T.small cars],1.4062940475526369,0.3943247824805989,2.418263312624675,0.006455801351289346,1946.0,,True
left_side,C(cls)[T.small pickups],0.22815009802686062,-0.8939773286691285,1.3502775247228498,0.6902628433326279,1946.0,,True
left_side,C(cls)[T.small station wagons/minivans],0.44846575907958625,-0.8196731857654709,1.7166047039246433,0.4882321342038992,1946.0,,True
left_side,C(cls)[T.very large station wagons/minivans],1.6111709047682348,0.5788736674312092,2.6434681421052604,0.0022204864508932496,1946.0,,True
left_side,C(driver_sex)[T.2.0],-0.08340977098174177,-0.26340920183184097,0.09658965986835744,0.3637588769869817,1946.0,,True
left_side,C(road_class)[T.urban],-0.31610992227556967,-0.4957775651689592,-0.1364422793821801,0.0005639395881771656,1946.0,,True
left_side,small_overlap_driver,0.018189327609721587,-0.5149601669160975,0.5513388221355406,0.9466871069243294,1946.0,,True
left_side,small_overlap_passenger,0.042881770434974736,-0.09314290035662676,0.17890644122657623,0.536655402881604,1946.0,,True
left_side,driver_age,0.02969253984440261,0.024513319447783646,0.03487176024102158,2.6987168086075996e-29,1946.0,,True
left_side,n_vehicles,-0.38787667091174033,-0.6261324379597373,-0.14962090386374344,0.0014188398366580697,1946.0,,True
left_side,speed_limit,0.03354987679349811,0.028497212162932325,0.038602541424063885,1.0155807546805718e-38,1946.0,,True
